index,Fuel Type Code,Station Name,City,State,ZIP,Status Code,Groups With Access Code,Latitude,Longitude,ID,Updated At,Country,Groups With Access Code (French),Access Code,TOTAL_POP_ev,County_ev,ST_ev,STATE_ev,STCNTY_ev,COUNTY_ev,FIPS_ev,SVI_ev,Area_km2_ev,PopDens_ev,PD_log_ev,geometry,index_tracts,TOTAL_POP_tracts,County_tracts,ST_tracts,STATE_tracts,STCNTY_tracts,COUNTY_tracts,FIPS_tracts,SVI_tracts,Area_km2_tracts,PopDens_tracts,PD_log_tracts
332,ELEC,City of Raleigh - Municipal Building,Raleigh,NC,27601,E,Public,35.778416,-78.64347,39016,2019-11-08 19:38:10 UTC,US,Public,public,2823,Wake,37,NORTH CAROLINA,37183,Wake,37183050100,0.3077,2.1451921847619997,1315.9660099699647,7.182326283261406,POINT (713000.1651086966 3961933.777800918),88,2823,Wake,37,NORTH CAROLINA,37183,Wake,37183050100,0.3077,2.1451921847619997,1315.9660099699647,7.182326283261406
333,ELEC,City of Raleigh - Downtown,Raleigh,NC,27601,E,Public,35.77435,-78.642287,39017,2019-11-08 19:38:10 UTC,US,Public,public,2823,Wake,37,NORTH CAROLINA,37183,Wake,37183050100,0.3077,2.1451921847619997,1315.9660099699647,7.182326283261406,POINT (713117.9704010197 3961485.267754865),88,2823,Wake,37,NORTH CAROLINA,37183,Wake,37183050100,0.3077,2.1451921847619997,1315.9660099699647,7.182326283261406
625,ELEC,Green Square Public Parking Garage - Level B1,Raleigh,NC,27603,E,Public,35.78136,-78.6412,40070,2019-10-04 14:44:17 UTC,US,Public,public,2823,Wake,37,NORTH CAROLINA,37183,Wake,37183050100,0.3077,2.1451921847619997,1315.9660099699647,7.182326283261406,POINT (713197.5149654148 3962265.326573312),88,2823,Wake,37,NORTH CAROLINA,37183,Wake,37183050100,0.3077,2.1451921847619997,1315.9660099699647,7.182326283261406
626,ELEC,Green Square Public Parking Garage - Level P1,Raleigh,NC,27603,E,Private,35.78136,-78.6412,40072,2019-05-14 21:16:45 UTC,US,Privé,private,2823,Wake,37,NORTH CAROLINA,37183,Wake,37183050100,0.3077,2.1451921847619997,1315.9660099699647,7.182326283261406,POINT (713197.5149654148 3962265.326573312),88,2823,Wake,37,NORTH CAROLINA,37183,Wake,37183050100,0.3077,2.1451921847619997,1315.9660099699647,7.182326283261406
682,ELEC,City of Raleigh - City Center Deck,Raleigh,NC,27601,E,Public,35.774619,-78.63770500000001,40744,2019-11-08 19:38:10 UTC,US,Public,public,2823,Wake,37,NORTH CAROLINA,37183,Wake,37183050100,0.3077,2.1451921847619997,1315.9660099699647,7.182326283261406,POINT (713531.5008229958 3961525.091328108),88,2823,Wake,37,NORTH CAROLINA,37183,Wake,37183050100,0.3077,2.1451921847619997,1315.9660099699647,7.182326283261406
685,ELEC,City of Raleigh - Wilmington Station Deck,Raleigh,NC,27601,E,Public,35.77937,-78.638203,40751,2019-11-08 19:38:10 UTC,US,Public,public,2823,Wake,37,NORTH CAROLINA,37183,Wake,37183050100,0.3077,2.1451921847619997,1315.9660099699647,7.182326283261406,POINT (713473.7682653572 3962051.084217069),88,2823,Wake,37,NORTH CAROLINA,37183,Wake,37183050100,0.3077,2.1451921847619997,1315.9660099699647,7.182326283261406
888,ELEC,City Municipal Deck,Raleigh,NC,27601,E,Public,35.779082,-78.641779,42396,2019-11-08 19:38:10 UTC,US,Public,public,2823,Wake,37,NORTH CAROLINA,37183,Wake,37183050100,0.3077,2.1451921847619997,1315.9660099699647,7.182326283261406,POINT (713151.2583992133 3962011.343591712),88,2823,Wake,37,NORTH CAROLINA,37183,Wake,37183050100,0.3077,2.1451921847619997,1315.9660099699647,7.182326283261406
889,ELEC,City of Raleigh,Raleigh,NC,27601,E,Public,35.777283000000004,-78.63928100000001,42397,2019-11-08 19:38:10 UTC,US,Public,public,2823,Wake,37,NORTH CAROLINA,37183,Wake,37183050100,0.3077,2.1451921847619997,1315.9660099699647,7.182326283261406,POINT (713381.8949694273 3961817.201790133),88,2823,Wake,37,NORTH CAROLINA,37183,Wake,37183050100,0.3077,2.1451921847619997,1315.9660099699647,7.182326283261406
10032,ELEC,STATE PARKING,Raleigh,NC,27603,E,Public,35.7815102,-78.6411604,82284,2019-11-14 10:14:28 UTC,US,Public,public,2823,Wake,37,NORTH CAROLINA,37183,Wake,37183050100,0.3077,2.1451921847619997,1315.9660099699647,7.182326283261406,POINT (713200.6934717181 3962282.076064722),88,2823,Wake,37,NORTH CAROLINA,37183,Wake,37183050100,0.3077,2.1451921847619997,1315.9660099699647,7.182326283261406
10033,ELEC,STATE PARKING,Raleigh,NC,27601,E,Public,35.7825234,-78.64101059999999,82285,2019-11-14 10:14:28 UTC,US,Public,public,2823,Wake,37,NORTH CAROLINA,37183,Wake,37183050100,0.3077,2.1451921847619997,1315.9660099699647,7.182326283261406,POINT (713211.5278703209 3962394.807214702),88,2823,Wake,37,NORTH CAROLINA,37183,Wake,37183050100,0.3077,2.1451921847619997,1315.9660099699647,7.182326283261406
10391,ELEC,WAKECOPUBDECK,Raleigh,NC,27601,E,Public,35.774973700000004,-78.6426111,85602,2019-11-14 10:14:28 UTC,US,Public,public,2823,Wake,37,NORTH CAROLINA,37183,Wake,37183050100,0.3077,2.1451921847619997,1315.9660099699647,7.182326283261406,POINT (713087.0038867553 3961553.756063823),88,2823,Wake,37,NORTH CAROLINA,37183,Wake,37183050100,0.3077,2.1451921847619997,1315.9660099699647,7.182326283261406
10652,ELEC,Duke Energy,Raleigh,NC,27601,E,Private,35.774724,-78.64040200000001,86120,2019-05-14 21:16:45 UTC,US,Privé,private,2823,Wake,37,NORTH CAROLINA,37183,Wake,37183050100,0.3077,2.1451921847619997,1315.9660099699647,7.182326283261406,POINT (713287.3902102154 3961530.863068724),88,2823,Wake,37,NORTH CAROLINA,37183,Wake,37183050100,0.3077,2.1451921847619997,1315.9660099699647,7.182326283261406
10679,ELEC,Duke Energy,Raleigh,NC,27601,E,Private,35.774838,-78.63743000000001,86166,2019-05-14 21:16:45 UTC,US,Privé,private,2823,Wake,37,NORTH CAROLINA,37183,Wake,37183050100,0.3077,2.1451921847619997,1315.9660099699647,7.182326283261406,POINT (713555.7769855439 3961549.986934411),88,2823,Wake,37,NORTH CAROLINA,37183,Wake,37183050100,0.3077,2.1451921847619997,1315.9660099699647,7.182326283261406
14968,ELEC,DILLON STATION,Raleigh,NC,27603,E,Public,35.777964000000004,-78.645687,99756,2019-11-14 10:14:28 UTC,US,Public,public,2823,Wake,37,NORTH CAROLINA,37183,Wake,37183050100,0.3077,2.1451921847619997,1315.9660099699647,7.182326283261406,POINT (712800.9460275057 3961878.812813422),88,2823,Wake,37,NORTH CAROLINA,37183,Wake,37183050100,0.3077,2.1451921847619997,1315.9660099699647,7.182326283261406
25040,ELEC,City of Raleigh - Moore Square Deck,Raleigh,NC,27601,E,Public,35.777463,-78.637505,147315,2019-11-08 19:38:10 UTC,US,Public,public,2823,Wake,37,NORTH CAROLINA,37183,Wake,37183050100,0.3077,2.1451921847619997,1315.9660099699647,7.182326283261406,POINT (713541.9723231252 3961841.042364815),88,2823,Wake,37,NORTH CAROLINA,37183,Wake,37183050100,0.3077,2.1451921847619997,1315.9660099699647,7.182326283261406
683,ELEC,Marriott Hotel Underground Deck,Raleigh,NC,27601,E,Public,35.772881,-78.638502,40745,2019-11-08 19:38:10 UTC,US,Public,public,3555,Wake,37,NORTH CAROLINA,37183,Wake,37183050900,0.944,1.8935001725612266,1877.4754032323958,7.537683282744163,POINT (713464.0941191784 3961330.539305773),95,3555,Wake,37,NORTH CAROLINA,37183,Wake,37183050900,0.944,1.8935001725612266,1877.4754032323958,7.537683282744163
684,ELEC,City of Raleigh - Performing Arts Center Deck,Raleigh,NC,27601,E,Public,35.772619,-78.641492,40747,2019-11-08 19:38:10 UTC,US,Public,public,3555,Wake,37,NORTH CAROLINA,37183,Wake,37183050900,0.944,1.8935001725612266,1877.4754032323958,7.537683282744163,POINT (713194.4686020049 3961294.960177532),95,3555,Wake,37,NORTH CAROLINA,37183,Wake,37183050900,0.944,1.8935001725612266,1877.4754032323958,7.537683282744163
698,ELEC,Neal's Garage,Durham,NC,27705,E,Public,36.009999,-78.92140500000001,40854,2019-10-04 14:44:17 UTC,US,Public,public,1963,Durham,37,NORTH CAROLINA,37063,Durham,37063000402,0.1083,1.4322736927545348,1370.5481081795042,7.222966017775064,POINT (687327.9702572519 3987055.757871256),6,1963,Durham,37,NORTH CAROLINA,37063,Durham,37063000402,0.1083,1.4322736927545348,1370.5481081795042,7.222966017775064
767,ELEC,Wilkerson Nature Preserve Park,Raleigh,NC,27614,E,Public,35.92353,-78.59988299999999,41553,2019-11-08 19:38:10 UTC,US,Public,public,5449,Wake,37,NORTH CAROLINA,37183,Wake,37183053808,0.0037,20.7548557206227,262.54097225959976,5.570407154650189,POINT (716545.3854516462 3978128.796605649),232,5449,Wake,37,NORTH CAROLINA,37183,Wake,37183053808,0.0037,20.7548557206227,262.54097225959976,5.570407154650189
890,ELEC,City of Raleigh - Walnut Creek Wetland Center,Raleigh,NC,27610,E,Public,35.760404,-78.625005,42398,2019-11-08 19:38:10 UTC,US,Public,public,4340,Wake,37,NORTH CAROLINA,37183,Wake,37183050800,0.9584,2.2278272780746193,1948.0863901400867,7.574602831340326,POINT (714717.9133678217 3959975.833447465),94,4340,Wake,37,NORTH CAROLINA,37183,Wake,37183050800,0.9584,2.2278272780746193,1948.0863901400867,7.574602831340326
891,ELEC,City of Raleigh - Optimist Park and Community Center,Raleigh,NC,27609,E,Public,35.862603,-78.643641,42399,2019-11-08 19:38:10 UTC,US,Public,public,4137,Wake,37,NORTH CAROLINA,37183,Wake,37183053716,0.279,3.256806683712005,1270.2626842084403,7.146978996024017,POINT (712759.7782610718 3971273.203147357),216,4137,Wake,37,NORTH CAROLINA,37183,Wake,37183053716,0.279,3.256806683712005,1270.2626842084403,7.146978996024017
892,ELEC,City of Raleigh - Jaycee Park and Community Center,Raleigh,NC,27607,E,Public,35.800443,-78.663445,42400,2019-11-08 19:38:10 UTC,US,Public,public,5364,Wake,37,NORTH CAROLINA,37183,Wake,37183051400,0.1398,2.898178960380772,1850.8173833734756,7.523382649345272,POINT (711136.0486332123 3964334.192328169),100,5364,Wake,37,NORTH CAROLINA,37183,Wake,37183051400,0.1398,2.898178960380772,1850.8173833734756,7.523382649345272
7608,ELEC,NC STATE,Raleigh,NC,27607,E,Public,35.7873827,-78.6756108,73326,2019-11-14 10:14:28 UTC,US,Public,public,5364,Wake,37,NORTH CAROLINA,37183,Wake,37183051400,0.1398,2.898178960380772,1850.8173833734756,7.523382649345272,POINT (710070.9263951661 3962859.108790096),100,5364,Wake,37,NORTH CAROLINA,37183,Wake,37183051400,0.1398,2.898178960380772,1850.8173833734756,7.523382649345272
893,ELEC,City of Raleigh - Wilders Grove,Raleigh,NC,27610,E,Public,35.788789,-78.57310600000001,42401,2019-11-08 19:38:10 UTC,US,Public,public,6953,Wake,37,NORTH CAROLINA,37183,Wake,37183054106,0.6289,14.873571999929663,467.47344888187456,6.147342553280349,POINT (719332.8464394915 3963239.920578056),249,6953,Wake,37,NORTH CAROLINA,37183,Wake,37183054106,0.6289,14.873571999929663,467.47344888187456,6.147342553280349
894,ELEC,City of Raleigh - Transit Center,Raleigh,NC,27610,E,Private,35.767483,-78.563464,42402,2019-11-08 19:38:10 UTC,US,Privé,private,6953,Wake,37,NORTH CAROLINA,37183,Wake,37183054106,0.6289,14.873571999929663,467.47344888187456,6.147342553280349,POINT (720263.2226193658 3960897.824841029),249,6953,Wake,37,NORTH CAROLINA,37183,Wake,37183054106,0.6289,14.873571999929663,467.47344888187456,6.147342553280349
895,ELEC,City of Raleigh - Transit Center,Raleigh,NC,27610,E,Public,35.767483,-78.563464,42403,2019-11-08 19:38:10 UTC,US,Public,public,6953,Wake,37,NORTH CAROLINA,37183,Wake,37183054106,0.6289,14.873571999929663,467.47344888187456,6.147342553280349,POINT (720263.2226193658 3960897.824841029),249,6953,Wake,37,NORTH CAROLINA,37183,Wake,37183054106,0.6289,14.873571999929663,467.47344888187456,6.147342553280349
962,ELEC,North Hills,Raleigh,NC,27609,E,Public,35.83788,-78.642,43088,2019-10-04 14:44:17 UTC,US,Public,public,3054,Wake,37,NORTH CAROLINA,37183,Wake,37183052601,0.0574,3.318169401966922,920.3870056151053,6.824794239868486,POINT (712974.1213690401 3968533.968158417),124,3054,Wake,37,NORTH CAROLINA,37183,Wake,37183052601,0.0574,3.318169401966922,920.3870056151053,6.824794239868486
10639,ELEC,North Hills,Raleigh,NC,27609,E,Public,35.835836,-78.642624,86104,2019-10-04 14:44:17 UTC,US,Public,public,3054,Wake,37,NORTH CAROLINA,37183,Wake,37183052601,0.0574,3.318169401966922,920.3870056151053,6.824794239868486,POINT (712923.2173438935 3968305.845138574),124,3054,Wake,37,NORTH CAROLINA,37183,Wake,37183052601,0.0574,3.318169401966922,920.3870056151053,6.824794239868486
15578,ELEC,North Hills - Tesla Supercharger,Raleigh,NC,27609,E,Public,35.835539000000004,-78.643001,102276,2019-05-09 14:33:40 UTC,US,Public,public,3054,Wake,37,NORTH CAROLINA,37183,Wake,37183052601,0.0574,3.318169401966922,920.3870056151053,6.824794239868486,POINT (712889.9538343509 3968272.074770365),124,3054,Wake,37,NORTH CAROLINA,37183,Wake,37183052601,0.0574,3.318169401966922,920.3870056151053,6.824794239868486
1004,ELEC,North Carolina State University - McKimmon Center and Solar House,Raleigh,NC,27606,E,Public,35.782140000000005,-78.6864,43324,2019-10-04 14:44:17 UTC,US,Public,public,4196,Wake,37,NORTH CAROLINA,37183,Wake,37183052409,0.6904,1.1048581662423855,3797.7725360627646,8.242169999126585,POINT (709109.4041389271 3962254.390830529),118,4196,Wake,37,NORTH CAROLINA,37183,Wake,37183052409,0.6904,1.1048581662423855,3797.7725360627646,8.242169999126585
1055,ELEC,North Carolina State University - Joyner Visitor Center,Raleigh,NC,27606,E,Public,35.784037,-78.684667,43880,2019-10-04 14:44:17 UTC,US,Public,public,4196,Wake,37,NORTH CAROLINA,37183,Wake,37183052409,0.6904,1.1048581662423855,3797.7725360627646,8.242169999126585,POINT (709261.0891067733 3962468.545246691),118,4196,Wake,37,NORTH CAROLINA,37183,Wake,37183052409,0.6904,1.1048581662423855,3797.7725360627646,8.242169999126585
1149,ELEC,Northern Wake Tech Community College,Raleigh,NC,27616,E,Public,35.867552,-78.543695,44301,2019-10-04 14:44:17 UTC,US,Public,public,10699,Wake,37,NORTH CAROLINA,37183,Wake,37183054104,0.6566,11.650689187193311,918.3147733235019,6.822540222177648,POINT (721771.9903896012 3972044.479061668),247,10699,Wake,37,NORTH CAROLINA,37183,Wake,37183054104,0.6566,11.650689187193311,918.3147733235019,6.822540222177648
1150,ELEC,Whole Foods Market,Raleigh,NC,27615,E,Public,35.898899,-78.650239,44302,2019-10-04 14:44:17 UTC,US,Public,public,3673,Wake,37,NORTH CAROLINA,37183,Wake,37183054007,0.112,3.380195280082495,1086.623610666174,6.990830562821325,POINT (712067.083540258 3975285.604268437),237,3673,Wake,37,NORTH CAROLINA,37183,Wake,37183054007,0.112,3.380195280082495,1086.623610666174,6.990830562821325
20567,ELEC,WHOLE FOODS MKT,Raleigh,NC,27615,E,Public,35.898899,-78.650239,117049,2019-11-14 10:14:28 UTC,US,Public,public,3673,Wake,37,NORTH CAROLINA,37183,Wake,37183054007,0.112,3.380195280082495,1086.623610666174,6.990830562821325,POINT (712067.083540258 3975285.604268437),237,3673,Wake,37,NORTH CAROLINA,37183,Wake,37183054007,0.112,3.380195280082495,1086.623610666174,6.990830562821325
1500,ELEC,TOWN OF CARY,Cary,NC,27513,E,Public,35.7968864,-78.8080444,45853,2019-11-14 10:14:28 UTC,US,Public,public,5560,Wake,37,NORTH CAROLINA,37183,Wake,37183053523,0.1175,5.485822329372341,1013.5217048919895,6.921186381441713,POINT (698076.4793734634 3963637.3732445),196,5560,Wake,37,NORTH CAROLINA,37183,Wake,37183053523,0.1175,5.485822329372341,1013.5217048919895,6.921186381441713
1616,ELEC,City of Durham - Goldenbelt,Durham,NC,27701,E,Public,35.99017,-78.8902,46406,2019-10-04 14:44:17 UTC,US,Public,public,3225,Durham,37,NORTH CAROLINA,37063,Durham,37063001100,0.9944,1.3961471526695997,2309.9284297027116,7.744971820223183,POINT (690188.2665826777 3984916.435856408),13,3225,Durham,37,NORTH CAROLINA,37063,Durham,37063001100,0.9944,1.3961471526695997,2309.9284297027116,7.744971820223183
2014,ELEC,Durham County - Human Services Building Lot,Durham,NC,27701,E,Public,35.99112,-78.895,47125,2019-10-04 14:44:17 UTC,US,Public,public,3225,Durham,37,NORTH CAROLINA,37063,Durham,37063001100,0.9944,1.3961471526695997,2309.9284297027116,7.744971820223183,POINT (689753.2325827671 3985012.468771538),13,3225,Durham,37,NORTH CAROLINA,37063,Durham,37063001100,0.9944,1.3961471526695997,2309.9284297027116,7.744971820223183
1617,ELEC,Michael Jordan Nissan,Durham,NC,27707,E,Public - Call ahead,35.97051751,-78.95684759,46407,2019-09-09 14:29:53 UTC,US,Public - Appeler à l'avance,public,5127,Durham,37,NORTH CAROLINA,37063,Durham,37063002015,0.8612,3.747521744739073,1368.104136339568,7.221181218340523,POINT (684225.1962391702 3982608.235876003),42,5127,Durham,37,NORTH CAROLINA,37063,Durham,37063002015,0.8612,3.747521744739073,1368.104136339568,7.221181218340523
12413,ELEC,AAA,Durham,NC,27707,E,Public - Card key at all times,35.9659,-78.96025999999999,93503,2019-11-14 10:52:49 UTC,US,Public - Carte-clé en tout temps,public,5127,Durham,37,NORTH CAROLINA,37063,Durham,37063002015,0.8612,3.747521744739073,1368.104136339568,7.221181218340523,POINT (683928.1836437902 3982089.544877881),42,5127,Durham,37,NORTH CAROLINA,37063,Durham,37063002015,0.8612,3.747521744739073,1368.104136339568,7.221181218340523
1955,ELEC,Crossroads Nissan - Wake Forest,Wake Forest,NC,27587,E,Public - Call ahead,35.948971,-78.539171,47040,2019-09-09 14:29:53 UTC,US,Public - Appeler à l'avance,public,8745,Wake,37,NORTH CAROLINA,37183,Wake,37183054207,0.1985,8.66094323763928,1009.7052665113218,6.9174137519136005,POINT (721952.8487093053 3981087.796568942),262,8745,Wake,37,NORTH CAROLINA,37183,Wake,37183054207,0.1985,8.66094323763928,1009.7052665113218,6.9174137519136005
1956,ELEC,Crossroads Nissan - Wake Forest,Wake Forest,NC,27587,E,Private,35.948971,-78.539171,47041,2019-09-09 14:29:53 UTC,US,Privé,private,8745,Wake,37,NORTH CAROLINA,37183,Wake,37183054207,0.1985,8.66094323763928,1009.7052665113218,6.9174137519136005,POINT (721952.8487093053 3981087.796568942),262,8745,Wake,37,NORTH CAROLINA,37183,Wake,37183054207,0.1985,8.66094323763928,1009.7052665113218,6.9174137519136005
18874,ELEC,Candlewood Suites Wake Forest Raleigh Area - Tesla Destination,Wake Forest,NC,27587,E,Public,35.976261,-78.542906,114715,2019-05-14 21:16:45 UTC,US,Public,public,8745,Wake,37,NORTH CAROLINA,37183,Wake,37183054207,0.1985,8.66094323763928,1009.7052665113218,6.9174137519136005,POINT (721539.6105363606 3984107.013882158),262,8745,Wake,37,NORTH CAROLINA,37183,Wake,37183054207,0.1985,8.66094323763928,1009.7052665113218,6.9174137519136005
2015,ELEC,Durham County - Justice Center Parking Deck,Durham,NC,27701,E,Public,35.99289,-78.9014,47126,2019-10-04 14:44:17 UTC,US,Public,public,1331,Durham,37,NORTH CAROLINA,37063,Durham,37063002300,0.9537,1.228982449318064,1083.009770187152,6.987499268370411,POINT (689172.0014999497 3985196.384203725),58,1331,Durham,37,NORTH CAROLINA,37063,Durham,37063002300,0.9537,1.228982449318064,1083.009770187152,6.987499268370411
4819,ELEC,BSMG,Durham,NC,27701,E,Public,35.992739,-78.90251500000001,63298,2019-11-14 10:14:28 UTC,US,Public,public,1331,Durham,37,NORTH CAROLINA,37063,Durham,37063002300,0.9537,1.228982449318064,1083.009770187152,6.987499268370411,POINT (689071.8397185378 3985177.46842996),58,1331,Durham,37,NORTH CAROLINA,37063,Durham,37063002300,0.9537,1.228982449318064,1083.009770187152,6.987499268370411
21404,ELEC,Bull House Apartments,Durham,NC,27701,E,Private,35.989721,-78.898721,121256,2019-11-14 09:08:08 UTC,US,Privé,private,1331,Durham,37,NORTH CAROLINA,37063,Durham,37063002300,0.9537,1.228982449318064,1083.009770187152,6.987499268370411,POINT (689421.1059734935 3984850.027123589),58,1331,Durham,37,NORTH CAROLINA,37063,Durham,37063002300,0.9537,1.228982449318064,1083.009770187152,6.987499268370411
2016,ELEC,Durham County - Main Library,Durham,NC,27701,T,TEMPORARILY UNAVAILABLE (Public),35.99491,-78.8959,47127,2019-10-04 14:44:17 UTC,US,TEMPORAIREMENT SUSPENDU (Public),public,1946,Durham,37,NORTH CAROLINA,37063,Durham,37063002200,0.4498,1.5385606506234082,1264.818516716583,7.142683925823347,POINT (689663.0132384453 3985431.170831289),57,1946,Durham,37,NORTH CAROLINA,37063,Durham,37063002200,0.4498,1.5385606506234082,1264.818516716583,7.142683925823347
11020,ELEC,CITY OF DURHAM,Durham,NC,27701,E,Public,35.9954727,-78.9025581,87769,2019-11-14 10:14:28 UTC,US,Public,public,1946,Durham,37,NORTH CAROLINA,37063,Durham,37063002200,0.4498,1.5385606506234082,1264.818516716583,7.142683925823347,POINT (689061.4265000734 3985480.65515278),57,1946,Durham,37,NORTH CAROLINA,37063,Durham,37063002200,0.4498,1.5385606506234082,1264.818516716583,7.142683925823347
21899,ELEC,CITY OF DURHAM,Durham,NC,27701,E,Public,35.997667,-78.89885699999999,122216,2019-11-14 10:14:28 UTC,US,Public,public,1946,Durham,37,NORTH CAROLINA,37063,Durham,37063002200,0.4498,1.5385606506234082,1264.818516716583,7.142683925823347,POINT (689389.8375988592 3985731.274221737),57,1946,Durham,37,NORTH CAROLINA,37063,Durham,37063002200,0.4498,1.5385606506234082,1264.818516716583,7.142683925823347
2017,ELEC,Durham County - North Regional Library,Durham,NC,27712,E,Public,36.08785,-78.9135,47128,2019-10-04 14:44:17 UTC,US,Public,public,6271,Durham,37,NORTH CAROLINA,37063,Durham,37063001603,0.1934,25.895541613442493,242.16523807884735,5.48962029513218,POINT (687855.3185562502 3995707.650535216),22,6271,Durham,37,NORTH CAROLINA,37063,Durham,37063001603,0.1934,25.895541613442493,242.16523807884735,5.48962029513218
6966,ELEC,Arrowhead Inn Bed and Breakfast,Durham,NC,27712,E,Public,36.118217,-78.903677,72152,2019-10-04 14:44:17 UTC,US,Public,public,6271,Durham,37,NORTH CAROLINA,37063,Durham,37063001603,0.1934,25.895541613442493,242.16523807884735,5.48962029513218,POINT (688667.178634326 3999095.573967137),22,6271,Durham,37,NORTH CAROLINA,37063,Durham,37063001603,0.1934,25.895541613442493,242.16523807884735,5.48962029513218
18842,ELEC,Arrowhead Inn Bed & Breakfast - Tesla Destination,Durham,NC,27712,E,Public,36.118217,-78.903677,114682,2019-05-14 21:16:45 UTC,US,Public,public,6271,Durham,37,NORTH CAROLINA,37063,Durham,37063001603,0.1934,25.895541613442493,242.16523807884735,5.48962029513218,POINT (688667.178634326 3999095.573967137),22,6271,Durham,37,NORTH CAROLINA,37063,Durham,37063001603,0.1934,25.895541613442493,242.16523807884735,5.48962029513218
2018,ELEC,Durham County - South Regional Library,Durham,NC,27713,E,Public,35.90237,-78.8883,47129,2019-10-04 14:44:17 UTC,US,Public,public,7272,Durham,37,NORTH CAROLINA,37063,Durham,37063002027,0.6076,16.65828146035288,436.5396284909424,6.078879158079604,POINT (690570.3990023634 3975179.856533928),54,7272,Durham,37,NORTH CAROLINA,37063,Durham,37063002027,0.6076,16.65828146035288,436.5396284909424,6.078879158079604
25141,ELEC,ACCESSO SERVICE,Durham,NC,27713,E,Public,35.9120702,-78.9035743,147472,2019-11-14 10:14:28 UTC,US,Public,public,7272,Durham,37,NORTH CAROLINA,37063,Durham,37063002027,0.6076,16.65828146035288,436.5396284909424,6.078879158079604,POINT (689168.6728282671 3976226.259128338),54,7272,Durham,37,NORTH CAROLINA,37063,Durham,37063002027,0.6076,16.65828146035288,436.5396284909424,6.078879158079604
25142,ELEC,ACCESSO SERVICE,Durham,NC,27713,E,Public,35.913395,-78.90265,147473,2019-11-14 10:14:28 UTC,US,Public,public,7272,Durham,37,NORTH CAROLINA,37063,Durham,37063002027,0.6076,16.65828146035288,436.5396284909424,6.078879158079604,POINT (689248.9307367627 3976375.019040561),54,7272,Durham,37,NORTH CAROLINA,37063,Durham,37063002027,0.6076,16.65828146035288,436.5396284909424,6.078879158079604
25143,ELEC,ACCESSO SERVICE,Durham,NC,27713,E,Public,35.910309600000005,-78.8982906,147474,2019-11-14 10:14:28 UTC,US,Public,public,7272,Durham,37,NORTH CAROLINA,37063,Durham,37063002027,0.6076,16.65828146035288,436.5396284909424,6.078879158079604,POINT (689649.7129744533 3976041.195470949),54,7272,Durham,37,NORTH CAROLINA,37063,Durham,37063002027,0.6076,16.65828146035288,436.5396284909424,6.078879158079604
2074,ELEC,Leith Nissan,Cary,NC,27511,E,Public - Call ahead,35.7390019,-78.8138134,47192,2019-09-09 14:29:53 UTC,US,Public - Appeler à l'avance,public,2758,Wake,37,NORTH CAROLINA,37183,Wake,37183053419,0.0079,4.911503655206308,561.5388267249799,6.33068092000689,POINT (697698.3666559363 3957204.234257191),176,2758,Wake,37,NORTH CAROLINA,37183,Wake,37183053419,0.0079,4.911503655206308,561.5388267249799,6.33068092000689
2075,ELEC,Leith Nissan,Cary,NC,27511,E,Private,35.7390019,-78.8138134,47193,2019-09-09 14:29:53 UTC,US,Privé,private,2758,Wake,37,NORTH CAROLINA,37183,Wake,37183053419,0.0079,4.911503655206308,561.5388267249799,6.33068092000689,POINT (697698.3666559363 3957204.234257191),176,2758,Wake,37,NORTH CAROLINA,37183,Wake,37183053419,0.0079,4.911503655206308,561.5388267249799,6.33068092000689
15183,ELEC,JLR CARY,Cary,NC,27511,E,Public,35.7396501,-78.8149251,100336,2019-11-14 10:14:28 UTC,US,Public,public,2758,Wake,37,NORTH CAROLINA,37183,Wake,37183053419,0.0079,4.911503655206308,561.5388267249799,6.33068092000689,POINT (697596.2166510116 3957273.901329688),176,2758,Wake,37,NORTH CAROLINA,37183,Wake,37183053419,0.0079,4.911503655206308,561.5388267249799,6.33068092000689
21040,ELEC,SERVICE DR.,Cary,NC,27511,E,Public,35.737083,-78.811109,118887,2019-11-14 10:14:28 UTC,US,Public,public,2758,Wake,37,NORTH CAROLINA,37183,Wake,37183053419,0.0079,4.911503655206308,561.5388267249799,6.33068092000689,POINT (697947.717882721 3956996.817103466),176,2758,Wake,37,NORTH CAROLINA,37183,Wake,37183053419,0.0079,4.911503655206308,561.5388267249799,6.33068092000689
2114,ELEC,Orange County - Robert and Pearl Seymour Center,Chapel Hill,NC,27516,E,Public,35.950629,-79.063354,47332,2019-05-14 21:16:45 UTC,US,Public,public,3186,Orange,37,NORTH CAROLINA,37135,Orange,37135011800,0.1185,5.277309473151287,603.7167265268442,6.403105092105395,POINT (674664.4530805023 3980205.921878024),82,3186,Orange,37,NORTH CAROLINA,37135,Orange,37135011800,0.1185,5.277309473151287,603.7167265268442,6.403105092105395
4410,ELEC,UNC,Chapel Hill,NC,27599,E,Public,35.9329982,-79.05793879999999,61811,2019-11-14 10:14:28 UTC,US,Public,public,3186,Orange,37,NORTH CAROLINA,37135,Orange,37135011800,0.1185,5.277309473151287,603.7167265268442,6.403105092105395,POINT (675191.8311435054 3978259.785241703),82,3186,Orange,37,NORTH CAROLINA,37135,Orange,37135011800,0.1185,5.277309473151287,603.7167265268442,6.403105092105395
10425,ELEC,SEYMOUR SR CTR,Chapel Hill,NC,27516,E,Public,35.950315,-79.06302840000001,85660,2019-11-14 10:14:28 UTC,US,Public,public,3186,Orange,37,NORTH CAROLINA,37135,Orange,37135011800,0.1185,5.277309473151287,603.7167265268442,6.403105092105395,POINT (674694.5137826599 3980171.671814954),82,3186,Orange,37,NORTH CAROLINA,37135,Orange,37135011800,0.1185,5.277309473151287,603.7167265268442,6.403105092105395
2115,ELEC,Orange County - Skills Development Center,Chapel Hill,NC,27516,E,Public,35.909907000000004,-79.06344,47333,2019-05-14 21:16:45 UTC,US,Public,public,4190,Orange,37,NORTH CAROLINA,37135,Orange,37135011700,0.2721,2.475943783571509,1692.2839798713007,7.433834362886517,POINT (674746.3264588285 3975688.345226195),81,4190,Orange,37,NORTH CAROLINA,37135,Orange,37135011700,0.2721,2.475943783571509,1692.2839798713007,7.433834362886517
5439,ELEC,Mills Rentals Office,Chapel Hill,NC,27514,E,Public - Card key at all times,35.897388,-79.05247800000001,65520,2019-10-04 14:44:17 UTC,US,Public - Carte-clé en tout temps,public,4190,Orange,37,NORTH CAROLINA,37135,Orange,37135011700,0.2721,2.475943783571509,1692.2839798713007,7.433834362886517,POINT (675763.299832434 3974319.249193439),81,4190,Orange,37,NORTH CAROLINA,37135,Orange,37135011700,0.2721,2.475943783571509,1692.2839798713007,7.433834362886517
18826,ELEC,"The Franklin Hotel Chapel Hill, Curio Collection - Tesla Destination",Chapel Hill,NC,27516,E,Public,35.911215999999996,-79.060162,114666,2019-05-14 21:16:45 UTC,US,Public,public,4190,Orange,37,NORTH CAROLINA,37135,Orange,37135011700,0.2721,2.475943783571509,1692.2839798713007,7.433834362886517,POINT (675039.2690768244 3975839.428103783),81,4190,Orange,37,NORTH CAROLINA,37135,Orange,37135011700,0.2721,2.475943783571509,1692.2839798713007,7.433834362886517
2116,ELEC,Orange County - Durham Technical Community College Park & Ride Lot,Hillsborough,NC,27278,E,Public,36.042359999999995,-79.09323,47334,2019-10-04 14:44:17 UTC,US,Public,public,4724,Orange,37,NORTH CAROLINA,37135,Orange,37135010902,0.6418,33.54022643095069,140.84579928896144,4.947665669873103,POINT (671770.5351823636 3990328.898164756),68,4724,Orange,37,NORTH CAROLINA,37135,Orange,37135010902,0.6418,33.54022643095069,140.84579928896144,4.947665669873103
10203,ELEC,PIEDMONT EMC,Hillsborough,NC,27278,E,Public,36.0455465,-79.08070550000001,82601,2019-11-14 10:14:28 UTC,US,Public,public,4724,Orange,37,NORTH CAROLINA,37135,Orange,37135010902,0.6418,33.54022643095069,140.84579928896144,4.947665669873103,POINT (672891.9596198463 3990704.567739815),68,4724,Orange,37,NORTH CAROLINA,37135,Orange,37135010902,0.6418,33.54022643095069,140.84579928896144,4.947665669873103
23003,ELEC,"SHEETZ 647- Hillsborough, NC",Hillsborough,NC,27278,E,Public,36.057066,-79.080076,123770,2019-11-14 10:55:07 UTC,US,Public,public,4724,Orange,37,NORTH CAROLINA,37135,Orange,37135010902,0.6418,33.54022643095069,140.84579928896144,4.947665669873103,POINT (672923.4617397328 3991983.600489175),68,4724,Orange,37,NORTH CAROLINA,37135,Orange,37135010902,0.6418,33.54022643095069,140.84579928896144,4.947665669873103
2264,ELEC,Umstead Hotel and Spa,Cary,NC,27513,E,Public,35.82973,-78.7646,47718,2019-10-04 14:44:17 UTC,US,Public,public,3079,Wake,37,NORTH CAROLINA,37183,Wake,37183053521,0.068,11.033923100232753,279.04852807384987,5.631385702444863,POINT (701919.7444292062 3967369.75454025),194,3079,Wake,37,NORTH CAROLINA,37183,Wake,37183053521,0.068,11.033923100232753,279.04852807384987,5.631385702444863
3110,ELEC,SAS Institute Inc - T,Cary,NC,27513,E,Private,35.823796,-78.752235,50688,2019-11-08 19:38:10 UTC,US,Privé,private,3079,Wake,37,NORTH CAROLINA,37183,Wake,37183053521,0.068,11.033923100232753,279.04852807384987,5.631385702444863,POINT (703051.9591571584 3966737.041957479),194,3079,Wake,37,NORTH CAROLINA,37183,Wake,37183053521,0.068,11.033923100232753,279.04852807384987,5.631385702444863
3111,ELEC,SAS Institute Inc - C,Cary,NC,27513,E,Private,35.817516,-78.75166800000001,50689,2019-11-08 19:38:10 UTC,US,Privé,private,3079,Wake,37,NORTH CAROLINA,37183,Wake,37183053521,0.068,11.033923100232753,279.04852807384987,5.631385702444863,POINT (703119.1957975992 3966041.525710757),194,3079,Wake,37,NORTH CAROLINA,37183,Wake,37183053521,0.068,11.033923100232753,279.04852807384987,5.631385702444863
3996,ELEC,Stone's Education Superstore,Raleigh,NC,27607,E,Public,35.793985,-78.75032900000001,60264,2019-10-04 14:44:17 UTC,US,Public,public,3079,Wake,37,NORTH CAROLINA,37183,Wake,37183053521,0.068,11.033923100232753,279.04852807384987,5.631385702444863,POINT (703300.1805027344 3963433.819057602),194,3079,Wake,37,NORTH CAROLINA,37183,Wake,37183053521,0.068,11.033923100232753,279.04852807384987,5.631385702444863
4756,ELEC,SAS Institute Inc - G,Cary,NC,27513,E,Private,35.823401000000004,-78.76124,63074,2019-11-08 19:38:10 UTC,US,Privé,private,3079,Wake,37,NORTH CAROLINA,37183,Wake,37183053521,0.068,11.033923100232753,279.04852807384987,5.631385702444863,POINT (702239.3630278711 3966674.567604708),194,3079,Wake,37,NORTH CAROLINA,37183,Wake,37183053521,0.068,11.033923100232753,279.04852807384987,5.631385702444863
4757,ELEC,SAS Institute Inc - S,Cary,NC,27607,E,Private,35.822241999999996,-78.757042,63075,2019-11-08 19:38:10 UTC,US,Privé,private,3079,Wake,37,NORTH CAROLINA,37183,Wake,37183053521,0.068,11.033923100232753,279.04852807384987,5.631385702444863,POINT (702621.6001234883 3966554.676819398),194,3079,Wake,37,NORTH CAROLINA,37183,Wake,37183053521,0.068,11.033923100232753,279.04852807384987,5.631385702444863
4758,ELEC,SAS Institute Inc - R,Cary,NC,27513,E,Private,35.824815,-78.757352,63076,2019-11-08 19:38:10 UTC,US,Privé,private,3079,Wake,37,NORTH CAROLINA,37183,Wake,37183053521,0.068,11.033923100232753,279.04852807384987,5.631385702444863,POINT (702587.0485061958 3966839.479124838),194,3079,Wake,37,NORTH CAROLINA,37183,Wake,37183053521,0.068,11.033923100232753,279.04852807384987,5.631385702444863
5953,ELEC,SAS Institute Inc - U,Cary,NC,27513,E,Private,35.820801,-78.753109,68003,2019-11-08 19:38:10 UTC,US,Privé,private,3079,Wake,37,NORTH CAROLINA,37183,Wake,37183053521,0.068,11.033923100232753,279.04852807384987,5.631385702444863,POINT (702980.6234205435 3966402.967644045),194,3079,Wake,37,NORTH CAROLINA,37183,Wake,37183053521,0.068,11.033923100232753,279.04852807384987,5.631385702444863
5954,ELEC,SAS Institute Inc - Q,Cary,NC,27513,E,Private,35.82111,-78.749317,68004,2019-11-08 19:38:10 UTC,US,Privé,private,3079,Wake,37,NORTH CAROLINA,37183,Wake,37183053521,0.068,11.033923100232753,279.04852807384987,5.631385702444863,POINT (703322.4541844731 3966445.121818038),194,3079,Wake,37,NORTH CAROLINA,37183,Wake,37183053521,0.068,11.033923100232753,279.04852807384987,5.631385702444863
5955,ELEC,SAS Institute Inc - H,Cary,NC,27513,E,Private,35.827144,-78.76066,68005,2019-11-08 19:38:10 UTC,US,Privé,private,3079,Wake,37,NORTH CAROLINA,37183,Wake,37183053521,0.068,11.033923100232753,279.04852807384987,5.631385702444863,POINT (702282.2619341356 3967091.008777083),194,3079,Wake,37,NORTH CAROLINA,37183,Wake,37183053521,0.068,11.033923100232753,279.04852807384987,5.631385702444863
5956,ELEC,SAS Institute Inc - LW,Cary,NC,27513,E,Private,35.828483,-78.767465,68006,2019-11-08 19:38:10 UTC,US,Privé,private,3079,Wake,37,NORTH CAROLINA,37183,Wake,37183053521,0.068,11.033923100232753,279.04852807384987,5.631385702444863,POINT (701664.0694486784 3967225.504044123),194,3079,Wake,37,NORTH CAROLINA,37183,Wake,37183053521,0.068,11.033923100232753,279.04852807384987,5.631385702444863
18821,ELEC,The Umstead Hotel and Spa - Tesla Destination,Cary,NC,27513,E,Public,35.829902000000004,-78.764586,114660,2019-05-14 21:16:45 UTC,US,Public,public,3079,Wake,37,NORTH CAROLINA,37183,Wake,37183053521,0.068,11.033923100232753,279.04852807384987,5.631385702444863,POINT (701920.5732094308 3967388.864821239),194,3079,Wake,37,NORTH CAROLINA,37183,Wake,37183053521,0.068,11.033923100232753,279.04852807384987,5.631385702444863
24860,ELEC,SAS Institute Inc - A,Cary,NC,27513,E,Private,35.81617,-78.747624,146978,2019-11-08 19:38:10 UTC,US,Privé,private,3079,Wake,37,NORTH CAROLINA,37183,Wake,37183053521,0.068,11.033923100232753,279.04852807384987,5.631385702444863,POINT (703488.036218541 3965900.605550419),194,3079,Wake,37,NORTH CAROLINA,37183,Wake,37183053521,0.068,11.033923100232753,279.04852807384987,5.631385702444863
2952,ELEC,Town of Cary - Town Hall,Cary,NC,27513,E,Public,35.790599,-78.780497,49873,2019-10-04 14:44:17 UTC,US,Public,public,5230,Wake,37,NORTH CAROLINA,37183,Wake,37183053520,0.3424,3.45644650732186,1513.1146942159196,7.32192551674202,POINT (700582.0103320498 3962995.956383952),193,5230,Wake,37,NORTH CAROLINA,37183,Wake,37183053520,0.3424,3.45644650732186,1513.1146942159196,7.32192551674202
2955,ELEC,Rex Hospital,Raleigh,NC,27607,E,Public,35.815458,-78.70503199999999,49878,2019-05-14 21:16:45 UTC,US,Public,public,5439,Wake,37,NORTH CAROLINA,37183,Wake,37183052504,0.4729,5.921416112502317,918.5302800315357,6.8227748709398055,POINT (707338.4563102804 3965911.035414348),120,5439,Wake,37,NORTH CAROLINA,37183,Wake,37183052504,0.4729,5.921416112502317,918.5302800315357,6.8227748709398055
2956,ELEC,Wake Technical Community College,Raleigh,NC,27603,E,Public,35.650348,-78.70739,49881,2019-10-04 14:44:17 UTC,US,Public,public,5312,Wake,37,NORTH CAROLINA,37183,Wake,37183053111,0.2133,16.390317265004125,324.09378745473987,5.78103294135761,POINT (707553.653453991 3947589.045274466),156,5312,Wake,37,NORTH CAROLINA,37183,Wake,37183053111,0.2133,16.390317265004125,324.09378745473987,5.78103294135761
3065,ELEC,Orange County - West Campus Office Building,Hillsborough,NC,27278,E,Public,36.073889,-79.10058599999999,50393,2019-05-14 21:16:45 UTC,US,Public,public,7182,Orange,37,NORTH CAROLINA,37135,Orange,37135011000,0.2901,32.52263588029607,220.83080923804317,5.397396839261481,POINT (671039.5231133325 3993813.597535779),69,7182,Orange,37,NORTH CAROLINA,37135,Orange,37135011000,0.2901,32.52263588029607,220.83080923804317,5.397396839261481
3271,ELEC,Town of Cary - Cary Arts Center,Cary,NC,27511,E,Public,35.782702,-78.781262,51670,2019-10-04 14:44:17 UTC,US,Public,public,3603,Wake,37,NORTH CAROLINA,37183,Wake,37183053507,0.6756,2.881972152078555,1250.1855708083165,7.131047275924402,POINT (700532.7127811408 3962118.318482598),185,3603,Wake,37,NORTH CAROLINA,37183,Wake,37183053507,0.6756,2.881972152078555,1250.1855708083165,7.131047275924402
7133,ELEC,162781G01001010000,Cary,NC,27511,E,Public,35.782687,-78.781277,72672,2019-11-14 10:53:56 UTC,US,Public,public,3603,Wake,37,NORTH CAROLINA,37183,Wake,37183053507,0.6756,2.881972152078555,1250.1855708083165,7.131047275924402,POINT (700531.3945409168 3962116.623708545),185,3603,Wake,37,NORTH CAROLINA,37183,Wake,37183053507,0.6756,2.881972152078555,1250.1855708083165,7.131047275924402
7148,ELEC,162781G01001020000,Cary,NC,27511,E,Public,35.782920000000004,-78.78119079999999,72689,2019-11-14 10:53:56 UTC,US,Public,public,3603,Wake,37,NORTH CAROLINA,37183,Wake,37183053507,0.6756,2.881972152078555,1250.1855708083165,7.131047275924402,POINT (700538.6010744211 3962142.648582406),185,3603,Wake,37,NORTH CAROLINA,37183,Wake,37183053507,0.6756,2.881972152078555,1250.1855708083165,7.131047275924402
3400,ELEC,West Regional Library,Cary,NC,27519,E,Public,35.815061,-78.864062,52057,2019-10-04 14:44:17 UTC,US,Public,public,3728,Wake,37,NORTH CAROLINA,37183,Wake,37183053603,0.1226,4.714964569500578,790.6740220520638,6.672885774170229,POINT (692969.6881987513 3965541.686395895),201,3728,Wake,37,NORTH CAROLINA,37183,Wake,37183053603,0.1226,4.714964569500578,790.6740220520638,6.672885774170229
15010,ELEC,WEINSTEIN,Cary,NC,27519,E,Public,35.8211395,-78.859447,99819,2019-11-14 10:14:28 UTC,US,Public,public,3728,Wake,37,NORTH CAROLINA,37183,Wake,37183053603,0.1226,4.714964569500578,790.6740220520638,6.672885774170229,POINT (693371.9384922233 3966225.120746177),201,3728,Wake,37,NORTH CAROLINA,37183,Wake,37183053603,0.1226,4.714964569500578,790.6740220520638,6.672885774170229
3401,ELEC,East Regional Library,Knightdale,NC,27545,E,Public,35.802473,-78.487298,52058,2019-10-04 14:44:17 UTC,US,Public,public,2285,Wake,37,NORTH CAROLINA,37183,Wake,37183054113,0.5562,22.33639189701773,102.29942286717689,4.627904031369594,POINT (727050.4154963907 3964953.741392041),255,2285,Wake,37,NORTH CAROLINA,37183,Wake,37183054113,0.5562,22.33639189701773,102.29942286717689,4.627904031369594
3444,ELEC,Capital Ford,Raleigh,NC,27616,E,Public - Call ahead,35.853054,-78.579543,52377,2019-05-14 21:16:45 UTC,US,Public - Appeler à l'avance,public,6256,Wake,37,NORTH CAROLINA,37183,Wake,37183054008,0.789,2.236780270793255,2796.8773158846593,7.936258829488677,POINT (718574.6045498375 3970355.252887375),238,6256,Wake,37,NORTH CAROLINA,37183,Wake,37183054008,0.789,2.236780270793255,2796.8773158846593,7.936258829488677
3445,ELEC,Capital Ford,Raleigh,NC,27616,E,Public - Call ahead,35.862553000000005,-78.696855,52378,2019-05-14 21:16:45 UTC,US,Public - Appeler à l'avance,public,2018,Wake,37,NORTH CAROLINA,37183,Wake,37183052506,0.0949,2.8966528778691827,696.6661471306387,6.546306310544974,POINT (707954.2961347859 3971153.115633872),122,2018,Wake,37,NORTH CAROLINA,37183,Wake,37183052506,0.0949,2.8966528778691827,696.6661471306387,6.546306310544974
21691,ELEC,Pleasant Valley Promenade,Raleigh,NC,27612,E,Public,35.857314,-78.703585,121809,2019-11-14 10:55:07 UTC,US,Public,public,2018,Wake,37,NORTH CAROLINA,37183,Wake,37183052506,0.0949,2.8966528778691827,696.6661471306387,6.546306310544974,POINT (707360.1854628907 3970557.60058475),122,2018,Wake,37,NORTH CAROLINA,37183,Wake,37183052506,0.0949,2.8966528778691827,696.6661471306387,6.546306310544974
3599,ELEC,UNC,Chapel Hill,NC,27514,E,Public,35.9114865,-79.0452047,53105,2019-11-14 10:14:28 UTC,US,Public,public,2350,Orange,,,,,,,0.6664899238205316,3525.9347756212946,8.167900864664572,POINT (676388.4889389706 3975896.353982232),79,2350,Orange,,,,,,,0.6664899238205316,3525.9347756212946,8.167900864664572
18825,ELEC,The Carolina Inn - Tesla Destination,Chapel Hill,NC,27516,E,Public,35.909674,-79.054415,114665,2019-05-09 14:33:40 UTC,US,Public,public,2350,Orange,,,,,,,0.6664899238205316,3525.9347756212946,8.167900864664572,POINT (675561.3144718838 3975678.687590746),79,2350,Orange,,,,,,,0.6664899238205316,3525.9347756212946,8.167900864664572
3704,ELEC,CrossRoads Ford,Cary,NC,27511,E,Public - Call ahead,35.753616,-78.739497,53884,2019-10-04 14:44:17 UTC,US,Public - Appeler à l'avance,public,5465,Wake,37,NORTH CAROLINA,37183,Wake,37183053003,0.1559,6.254010403628865,873.8392882795582,6.772896478060405,POINT (704382.5616669608 3958977.912555643),143,5465,Wake,37,NORTH CAROLINA,37183,Wake,37183053003,0.1559,6.254010403628865,873.8392882795582,6.772896478060405
23143,ELEC,"Target 0961 - Cary, NC",Cary,NC,20013,E,Public,35.758507,-78.738918,126637,2019-11-14 10:55:07 UTC,US,Public,public,5465,Wake,37,NORTH CAROLINA,37183,Wake,37183053003,0.1559,6.254010403628865,873.8392882795582,6.772896478060405,POINT (704422.4016991144 3959521.716742646),143,5465,Wake,37,NORTH CAROLINA,37183,Wake,37183053003,0.1559,6.254010403628865,873.8392882795582,6.772896478060405
3876,ELEC,BSMG,Durham,NC,27701,E,Public,35.993840000000006,-78.905162,57800,2019-11-14 10:14:28 UTC,US,Public,public,2830,Durham,37,NORTH CAROLINA,37063,Durham,37063000700,0.2989,3.405604091527137,830.9832628639388,6.7226096536946605,POINT (688830.5745705263 3985294.477608904),9,2830,Durham,37,NORTH CAROLINA,37063,Durham,37063000700,0.2989,3.405604091527137,830.9832628639388,6.7226096536946605
4801,ELEC,BSMG,Durham,NC,27701,E,Public,35.994403000000005,-78.904802,63239,2019-11-14 10:14:28 UTC,US,Public,public,2830,Durham,37,NORTH CAROLINA,37063,Durham,37063000700,0.2989,3.405604091527137,830.9832628639388,6.7226096536946605,POINT (688861.6869072907 3985357.633248602),9,2830,Durham,37,NORTH CAROLINA,37063,Durham,37063000700,0.2989,3.405604091527137,830.9832628639388,6.7226096536946605
4820,ELEC,BSMG,Durham,NC,27701,E,Public,35.9917846,-78.90625159999999,63299,2019-11-14 10:14:28 UTC,US,Public,public,2830,Durham,37,NORTH CAROLINA,37063,Durham,37063000700,0.2989,3.405604091527137,830.9832628639388,6.7226096536946605,POINT (688737.2425058782 3985064.345373145),9,2830,Durham,37,NORTH CAROLINA,37063,Durham,37063000700,0.2989,3.405604091527137,830.9832628639388,6.7226096536946605
5659,ELEC,BSMG,Durham,NC,27701,E,Public,35.9926581,-78.90599940000001,66697,2019-11-14 10:14:28 UTC,US,Public,public,2830,Durham,37,NORTH CAROLINA,37063,Durham,37063000700,0.2989,3.405604091527137,830.9832628639388,6.7226096536946605,POINT (688757.8975567729 3985161.737883879),9,2830,Durham,37,NORTH CAROLINA,37063,Durham,37063000700,0.2989,3.405604091527137,830.9832628639388,6.7226096536946605
14144,ELEC,BSMG,Durham,NC,27701,E,Public,35.993329100000004,-78.9056251,96976,2019-11-14 10:14:28 UTC,US,Public,public,2830,Durham,37,NORTH CAROLINA,37063,Durham,37063000700,0.2989,3.405604091527137,830.9832628639388,6.7226096536946605,POINT (688790.0426523524 3985236.902182662),9,2830,Durham,37,NORTH CAROLINA,37063,Durham,37063000700,0.2989,3.405604091527137,830.9832628639388,6.7226096536946605
3895,ELEC,UNC,Chapel Hill,NC,27514,E,Public,35.9007849,-79.0462787,58187,2019-11-14 10:14:28 UTC,US,Public,public,5786,Orange,37,NORTH CAROLINA,37135,Orange,37135011602,0.5248,1.5556685992596773,3719.301143414146,8.221291064944797,POINT (676315.3157606171 3974707.251687985),80,5786,Orange,37,NORTH CAROLINA,37135,Orange,37135011602,0.5248,1.5556685992596773,3719.301143414146,8.221291064944797
4822,ELEC,UNC,Chapel Hill,NC,27514,E,Public,35.906067799999995,-79.0456786,63303,2019-11-14 10:14:28 UTC,US,Public,public,5786,Orange,37,NORTH CAROLINA,37135,Orange,37135011602,0.5248,1.5556685992596773,3719.301143414146,8.221291064944797,POINT (676357.7519474468 3975294.38400453),80,5786,Orange,37,NORTH CAROLINA,37135,Orange,37135011602,0.5248,1.5556685992596773,3719.301143414146,8.221291064944797
4831,ELEC,UNC,Chapel Hill,NC,27514,E,Public,35.9033304,-79.0524485,63335,2019-11-14 10:14:28 UTC,US,Public,public,5786,Orange,37,NORTH CAROLINA,37135,Orange,37135011602,0.5248,1.5556685992596773,3719.301143414146,8.221291064944797,POINT (675752.8183022557 3974978.510293423),80,5786,Orange,37,NORTH CAROLINA,37135,Orange,37135011602,0.5248,1.5556685992596773,3719.301143414146,8.221291064944797
7588,ELEC,UNC,Chapel Hill,NC,27514,E,Public,35.9025714,-79.04771240000001,73277,2019-11-14 10:14:28 UTC,US,Public,public,5786,Orange,37,NORTH CAROLINA,37135,Orange,37135011602,0.5248,1.5556685992596773,3719.301143414146,8.221291064944797,POINT (676181.9530770917 3974902.846189759),80,5786,Orange,37,NORTH CAROLINA,37135,Orange,37135011602,0.5248,1.5556685992596773,3719.301143414146,8.221291064944797
4151,ELEC,LEITH BMW,Raleigh,NC,27616,E,Public,35.8633385,-78.5831355,60861,2019-11-14 10:14:28 UTC,US,Public,public,2553,Wake,37,NORTH CAROLINA,37183,Wake,37183054018,0.4877,5.352293535333309,476.99177616965557,6.1674992500052435,POINT (718221.9195951591 3971488.220916),246,2553,Wake,37,NORTH CAROLINA,37183,Wake,37183054018,0.4877,5.352293535333309,476.99177616965557,6.1674992500052435
4281,ELEC,Fred Anderson Nissan,Raleigh,NC,27617,E,Public - Call ahead,35.896757,-78.760671,61410,2019-09-09 14:29:53 UTC,US,Public - Appeler à l'avance,public,5875,Wake,37,NORTH CAROLINA,37183,Wake,37183053724,0.0773,5.9410744349872155,988.8783694413756,6.896571340683879,POINT (702104.3520941907 3974813.772391204),224,5875,Wake,37,NORTH CAROLINA,37183,Wake,37183053724,0.0773,5.9410744349872155,988.8783694413756,6.896571340683879
4282,ELEC,Fred Anderson Nissan,Raleigh,NC,27617,E,Private,35.896757,-78.760671,61411,2019-09-09 14:29:53 UTC,US,Privé,private,5875,Wake,37,NORTH CAROLINA,37183,Wake,37183053724,0.0773,5.9410744349872155,988.8783694413756,6.896571340683879,POINT (702104.3520941907 3974813.772391204),224,5875,Wake,37,NORTH CAROLINA,37183,Wake,37183053724,0.0773,5.9410744349872155,988.8783694413756,6.896571340683879
4334,ELEC,Imperial Center,Durham,NC,27703,E,Public,35.877097,-78.842616,61524,2019-10-04 14:44:17 UTC,US,Public,public,6001,Durham,37,NORTH CAROLINA,37063,Durham,37063002028,0.1425,21.94345086249522,273.4756733389025,5.611212672161714,POINT (694755.6766803731 3972466.259117176),55,6001,Durham,37,NORTH CAROLINA,37063,Durham,37063002028,0.1425,21.94345086249522,273.4756733389025,5.611212672161714
14115,ELEC,PowerSecure,Durham,NC,27703,E,Private,35.921114,-78.841953,96925,2019-11-08 19:38:10 UTC,US,Privé,private,6001,Durham,37,NORTH CAROLINA,37063,Durham,37063002028,0.1425,21.94345086249522,273.4756733389025,5.611212672161714,POINT (694707.6404755613 3977350.718345381),55,6001,Durham,37,NORTH CAROLINA,37063,Durham,37063002028,0.1425,21.94345086249522,273.4756733389025,5.611212672161714
4414,ELEC,Town of Apex - Saunders Street Parking Lot,Apex,NC,25702,E,Public,35.7318283,-78.8544049,61816,2019-10-04 14:44:17 UTC,US,Public,public,5267,Wake,37,NORTH CAROLINA,37183,Wake,37183053416,0.1453,7.636105647214437,689.7494931754042,6.5363284783024955,POINT (694044.5076461327 3956327.333273754),173,5267,Wake,37,NORTH CAROLINA,37183,Wake,37183053416,0.1453,7.636105647214437,689.7494931754042,6.5363284783024955
4422,ELEC,PERFORMANCE BMW,Chapel Hill,NC,27514,E,Public,35.9453628,-79.0092813,61845,2019-11-14 10:14:28 UTC,US,Public,public,7551,Orange,37,NORTH CAROLINA,37135,Orange,37135012100,0.4998,8.169409911615132,924.3017649615198,6.829038603780452,POINT (679553.751085803 3979719.894874041),85,7551,Orange,37,NORTH CAROLINA,37135,Orange,37135012100,0.4998,8.169409911615132,924.3017649615198,6.829038603780452
4541,ELEC,North Carolina Museum of Life and Science,Durham,NC,27704,E,Public - Call ahead,36.030986999999996,-78.898207,62316,2019-10-04 14:44:17 UTC,US,Public - Appeler à l'avance,public,4535,Durham,37,NORTH CAROLINA,37063,Durham,37063000102,0.8547,4.015552998231998,1129.3587712568378,7.029405291575811,POINT (689368.6685810757 3989428.995740508),1,4535,Durham,37,NORTH CAROLINA,37063,Durham,37063000102,0.8547,4.015552998231998,1129.3587712568378,7.029405291575811
4970,ELEC,RTP,Durham,NC,27703,E,Public,35.919842200000005,-78.8779099,63766,2019-11-14 10:14:28 UTC,US,Public,public,4,Durham,,,,,,,21.33587423106502,0.18747767055056982,-1.6740955310604568,POINT (691466.0619528834 3977138.49567795),59,4,Durham,,,,,,,21.33587423106502,0.18747767055056982,-1.6740955310604568
14328,ELEC,Social Security Administration,Research Triangle Park,NC,27709,E,Private,35.877576,-78.88564000000001,98678,2019-05-14 21:16:45 UTC,US,Privé,private,4,Durham,,,,,,,21.33587423106502,0.18747767055056982,-1.6740955310604568,POINT (690870.0161945351 3972434.49407099),59,4,Durham,,,,,,,21.33587423106502,0.18747767055056982,-1.6740955310604568
20992,ELEC,BASF,Durham,NC,27709,E,Public,35.925129,-78.864765,118507,2019-11-14 10:14:28 UTC,US,Public,public,4,Durham,,,,,,,21.33587423106502,0.18747767055056982,-1.6740955310604568,POINT (692639.4062031121 3977750.864619345),59,4,Durham,,,,,,,21.33587423106502,0.18747767055056982,-1.6740955310604568
5156,ELEC,CrossRoads Ford,Cary,NC,27518,E,Public - Call ahead,35.757603,-78.749721,64385,2019-05-14 21:16:45 UTC,US,Public - Appeler à l'avance,public,3610,Wake,37,NORTH CAROLINA,37183,Wake,37183053505,0.0814,4.117683660265655,876.7064927389538,6.776172264451631,POINT (703447.8540941855 3959398.944013054),183,3610,Wake,37,NORTH CAROLINA,37183,Wake,37183053505,0.0814,4.117683660265655,876.7064927389538,6.776172264451631
5247,ELEC,North Carolina State University - Keystone Science Center,Raleigh,NC,27606,E,Public,35.774673,-78.67779200000001,64755,2019-10-04 14:44:17 UTC,US,Public,public,7874,Wake,37,NORTH CAROLINA,37183,Wake,37183052302,0.3975,9.867014694850784,798.0123921482693,6.682124126337091,POINT (709907.1942777517 3961444.421691806),112,7874,Wake,37,NORTH CAROLINA,37183,Wake,37183052302,0.3975,9.867014694850784,798.0123921482693,6.682124126337091
8569,ELEC,NC STATE,Raleigh,NC,27606,E,Public,35.7704198,-78.677132,77219,2019-11-14 10:14:28 UTC,US,Public,public,7874,Wake,37,NORTH CAROLINA,37183,Wake,37183052302,0.3975,9.867014694850784,798.0123921482693,6.682124126337091,POINT (709978.0516100596 3960973.988553535),112,7874,Wake,37,NORTH CAROLINA,37183,Wake,37183052302,0.3975,9.867014694850784,798.0123921482693,6.682124126337091
8570,ELEC,NC STATE,Raleigh,NC,27606,E,Public,35.7737766,-78.6744469,77220,2019-11-14 10:14:28 UTC,US,Public,public,7874,Wake,37,NORTH CAROLINA,37183,Wake,37183052302,0.3975,9.867014694850784,798.0123921482693,6.682124126337091,POINT (710211.9758093241 3961352.150090233),112,7874,Wake,37,NORTH CAROLINA,37183,Wake,37183052302,0.3975,9.867014694850784,798.0123921482693,6.682124126337091
10354,ELEC,NC STATE,Raleigh,NC,27606,E,Public,35.7725034,-78.68109890000001,85557,2019-11-14 10:14:28 UTC,US,Public,public,7874,Wake,37,NORTH CAROLINA,37183,Wake,37183052302,0.3975,9.867014694850784,798.0123921482693,6.682124126337091,POINT (709613.9253183577 3961196.644967245),112,7874,Wake,37,NORTH CAROLINA,37183,Wake,37183052302,0.3975,9.867014694850784,798.0123921482693,6.682124126337091
10416,ELEC,NC STATE,Raleigh,NC,27606,E,Public,35.7754837,-78.67591829999999,85645,2019-11-14 10:14:28 UTC,US,Public,public,7874,Wake,37,NORTH CAROLINA,37183,Wake,37183052302,0.3975,9.867014694850784,798.0123921482693,6.682124126337091,POINT (710074.4559975725 3961538.377889505),112,7874,Wake,37,NORTH CAROLINA,37183,Wake,37183052302,0.3975,9.867014694850784,798.0123921482693,6.682124126337091
6154,ELEC,ASBURYVILLAGE,Raleigh,NC,27607,E,Public,35.7950271,-78.7381743,68827,2019-11-14 10:14:28 UTC,US,Public,public,3205,Wake,37,NORTH CAROLINA,37183,Wake,37183052401,0.1217,13.090835684752982,244.82776173967972,5.500554950007564,POINT (704396.0972978441 3963574.737795404),113,3205,Wake,37,NORTH CAROLINA,37183,Wake,37183052401,0.1217,13.090835684752982,244.82776173967972,5.500554950007564
10348,ELEC,NC STATE,Raleigh,NC,27606,E,Public,35.7976811,-78.7063203,85526,2019-11-14 10:14:28 UTC,US,Public,public,3205,Wake,37,NORTH CAROLINA,37183,Wake,37183052401,0.1217,13.090835684752982,244.82776173967972,5.500554950007564,POINT (707268.2599279756 3963936.149164201),113,3205,Wake,37,NORTH CAROLINA,37183,Wake,37183052401,0.1217,13.090835684752982,244.82776173967972,5.500554950007564
12275,ELEC,Sheetz,Raleigh,NC,27607,E,Public - Card key at all times,35.789742,-78.73902700000001,93360,2019-11-14 10:52:49 UTC,US,Public - Carte-clé en tout temps,public,3205,Wake,37,NORTH CAROLINA,37183,Wake,37183052401,0.1217,13.090835684752982,244.82776173967972,5.500554950007564,POINT (704332.5667521372 3962986.637794375),113,3205,Wake,37,NORTH CAROLINA,37183,Wake,37183052401,0.1217,13.090835684752982,244.82776173967972,5.500554950007564
16237,ELEC,HIGHWOODS,Raleigh,NC,27607,E,Public,35.792361,-78.739783,104039,2019-11-14 10:14:28 UTC,US,Public,public,3205,Wake,37,NORTH CAROLINA,37183,Wake,37183052401,0.1217,13.090835684752982,244.82776173967972,5.500554950007564,POINT (704257.5263238959 3963275.607524582),113,3205,Wake,37,NORTH CAROLINA,37183,Wake,37183052401,0.1217,13.090835684752982,244.82776173967972,5.500554950007564
6965,ELEC,Aloft Hotel,Raleigh,NC,27607,E,Public,35.786762,-78.663393,72151,2019-05-14 21:16:45 UTC,US,Public,public,3476,Wake,37,NORTH CAROLINA,37183,Wake,37183051200,0.2013,1.8728080782903143,1856.036419478305,7.526198535717368,POINT (711176.9700812818 3962816.531971488),99,3476,Wake,37,NORTH CAROLINA,37183,Wake,37183051200,0.2013,1.8728080782903143,1856.036419478305,7.526198535717368
9296,ELEC,616,Raleigh,NC,27605,E,Public,35.7930757,-78.66192579999999,80020,2019-11-14 10:14:28 UTC,US,Public,public,3476,Wake,37,NORTH CAROLINA,37183,Wake,37183051200,0.2013,1.8728080782903143,1856.036419478305,7.526198535717368,POINT (711292.8704142602 3963520.140418333),99,3476,Wake,37,NORTH CAROLINA,37183,Wake,37183051200,0.2013,1.8728080782903143,1856.036419478305,7.526198535717368
18862,ELEC,Aloft Raleigh - Tesla Destination,Raleigh,NC,27607,E,Public,35.786762,-78.663393,114703,2019-05-14 21:16:45 UTC,US,Public,public,3476,Wake,37,NORTH CAROLINA,37183,Wake,37183051200,0.2013,1.8728080782903143,1856.036419478305,7.526198535717368,POINT (711176.9700812818 3962816.531971488),99,3476,Wake,37,NORTH CAROLINA,37183,Wake,37183051200,0.2013,1.8728080782903143,1856.036419478305,7.526198535717368
6973,ELEC,The King's Daughters Inn,Durham,NC,27701,E,Public,36.003728,-78.912068,72167,2019-10-04 14:44:17 UTC,US,Public,public,3426,Durham,37,NORTH CAROLINA,37063,Durham,37063000302,0.3392,1.7222853027476903,1989.2174627132024,7.595496605563966,POINT (688184.4693606385 3986378.066211168),4,3426,Durham,37,NORTH CAROLINA,37063,Durham,37063000302,0.3392,1.7222853027476903,1989.2174627132024,7.595496605563966
18843,ELEC,The King's Daughters Inn - Tesla Destination,Durham,NC,27701,E,Public,36.003728,-78.912068,114683,2019-05-09 14:33:40 UTC,US,Public,public,3426,Durham,37,NORTH CAROLINA,37063,Durham,37063000302,0.3392,1.7222853027476903,1989.2174627132024,7.595496605563966,POINT (688184.4693606385 3986378.066211168),4,3426,Durham,37,NORTH CAROLINA,37063,Durham,37063000302,0.3392,1.7222853027476903,1989.2174627132024,7.595496605563966
7372,ELEC,GE-Cary WattStation 2,Cary,NC,27513,E,Public,35.8258283,-78.7977763,72941,2019-11-14 10:53:56 UTC,US,Public,public,6392,Wake,37,NORTH CAROLINA,37183,Wake,37183053512,0.1134,9.89294881812476,646.1167562384725,6.470980224662857,POINT (698932.2591703859 3966868.931150435),187,6392,Wake,37,NORTH CAROLINA,37183,Wake,37183053512,0.1134,9.89294881812476,646.1167562384725,6.470980224662857
7473,ELEC,GE Cary WattStation 1,Cary,NC,27513,E,Private,35.8258283,-78.7978763,73062,2019-11-14 10:53:56 UTC,US,Privé,private,6392,Wake,37,NORTH CAROLINA,37183,Wake,37183053512,0.1134,9.89294881812476,646.1167562384725,6.470980224662857,POINT (698923.2245136506 3966868.727796694),187,6392,Wake,37,NORTH CAROLINA,37183,Wake,37183053512,0.1134,9.89294881812476,646.1167562384725,6.470980224662857
7491,ELEC,GE-Cary WattStation 3,Cary,NC,27513,E,Private,35.8258283,-78.79797629999999,73081,2019-11-14 10:53:56 UTC,US,Privé,private,6392,Wake,37,NORTH CAROLINA,37183,Wake,37183053512,0.1134,9.89294881812476,646.1167562384725,6.470980224662857,POINT (698914.1898571085 3966868.524452202),187,6392,Wake,37,NORTH CAROLINA,37183,Wake,37183053512,0.1134,9.89294881812476,646.1167562384725,6.470980224662857
7492,ELEC,GE WattStation Cary #3,Cary,NC,27513,E,Private,35.827017,-78.79642709999999,73082,2019-11-14 10:53:56 UTC,US,Privé,private,6392,Wake,37,NORTH CAROLINA,37183,Wake,37183053512,0.1134,9.89294881812476,646.1167562384725,6.470980224662857,POINT (699051.1846626655 3967003.547043354),187,6392,Wake,37,NORTH CAROLINA,37183,Wake,37183053512,0.1134,9.89294881812476,646.1167562384725,6.470980224662857
7493,ELEC,GE WattStation Cary #1,Cary,NC,27513,E,Private,35.827017,-78.7962271,73083,2019-11-14 10:53:56 UTC,US,Privé,private,6392,Wake,37,NORTH CAROLINA,37183,Wake,37183053512,0.1134,9.89294881812476,646.1167562384725,6.470980224662857,POINT (699069.2537119335 3967003.954033733),187,6392,Wake,37,NORTH CAROLINA,37183,Wake,37183053512,0.1134,9.89294881812476,646.1167562384725,6.470980224662857
7498,ELEC,GE WattStation Cary #2,Cary,NC,27513,E,Private,35.827017,-78.7963271,73089,2019-11-14 10:53:56 UTC,US,Privé,private,6392,Wake,37,NORTH CAROLINA,37183,Wake,37183053512,0.1134,9.89294881812476,646.1167562384725,6.470980224662857,POINT (699060.2191872027 3967003.75053392),187,6392,Wake,37,NORTH CAROLINA,37183,Wake,37183053512,0.1134,9.89294881812476,646.1167562384725,6.470980224662857
10423,ELEC,SAS Institute Inc - 940,Cary,NC,27513,E,Private,35.820147999999996,-78.79869599999999,85655,2019-11-08 19:38:10 UTC,US,Privé,private,6392,Wake,37,NORTH CAROLINA,37183,Wake,37183053512,0.1134,9.89294881812476,646.1167562384725,6.470980224662857,POINT (698863.3445582921 3966236.903901071),187,6392,Wake,37,NORTH CAROLINA,37183,Wake,37183053512,0.1134,9.89294881812476,646.1167562384725,6.470980224662857
20574,ELEC,HIGHWOODS,Cary,NC,27513,E,Public,35.82713,-78.797632,117060,2019-11-14 10:14:28 UTC,US,Public,public,6392,Wake,37,NORTH CAROLINA,37183,Wake,37183053512,0.1134,9.89294881812476,646.1167562384725,6.470980224662857,POINT (698942.045497172 3967013.6318417),187,6392,Wake,37,NORTH CAROLINA,37183,Wake,37183053512,0.1134,9.89294881812476,646.1167562384725,6.470980224662857
20575,ELEC,HIGHWOODS,Cary,NC,27513,E,Public,35.8264936,-78.7948943,117062,2019-11-14 10:14:28 UTC,US,Public,public,6392,Wake,37,NORTH CAROLINA,37183,Wake,37183053512,0.1134,9.89294881812476,646.1167562384725,6.470980224662857,POINT (699190.9745776942 3966948.602482151),187,6392,Wake,37,NORTH CAROLINA,37183,Wake,37183053512,0.1134,9.89294881812476,646.1167562384725,6.470980224662857
21059,ELEC,METLIFE,Cary,NC,27513,E,Public,35.830019,-78.799133,118914,2019-11-14 10:14:28 UTC,US,Public,public,6392,Wake,37,NORTH CAROLINA,37183,Wake,37183053512,0.1134,9.89294881812476,646.1167562384725,6.470980224662857,POINT (698799.2275072999 3967331.078418453),187,6392,Wake,37,NORTH CAROLINA,37183,Wake,37183053512,0.1134,9.89294881812476,646.1167562384725,6.470980224662857
21121,ELEC,METLIFE,Cary,NC,27513,E,Public,35.828631,-78.79996700000001,119031,2019-11-14 10:14:28 UTC,US,Public,public,6392,Wake,37,NORTH CAROLINA,37183,Wake,37183053512,0.1134,9.89294881812476,646.1167562384725,6.470980224662857,POINT (698727.3452227605 3967175.402574827),187,6392,Wake,37,NORTH CAROLINA,37183,Wake,37183053512,0.1134,9.89294881812476,646.1167562384725,6.470980224662857
22775,ELEC,Verizon - Cary,Cary,NC,27513,E,Private,35.830871,-78.791809,123352,2019-08-08 15:38:00 UTC,US,Privé,private,6392,Wake,37,NORTH CAROLINA,37183,Wake,37183053512,0.1134,9.89294881812476,646.1167562384725,6.470980224662857,POINT (699458.7577389422 3967440.50757373),187,6392,Wake,37,NORTH CAROLINA,37183,Wake,37183053512,0.1134,9.89294881812476,646.1167562384725,6.470980224662857
23932,ELEC,MetLife - Cary,Cary,NC,27513,E,Private,35.830019,-78.799133,143810,2019-09-09 14:29:53 UTC,US,Privé,private,6392,Wake,37,NORTH CAROLINA,37183,Wake,37183053512,0.1134,9.89294881812476,646.1167562384725,6.470980224662857,POINT (698799.2275072999 3967331.078418453),187,6392,Wake,37,NORTH CAROLINA,37183,Wake,37183053512,0.1134,9.89294881812476,646.1167562384725,6.470980224662857
7411,ELEC,GE WattStation2,Wake Forest,NC,27587,E,Private,35.9768433,-78.50862059999999,72988,2019-11-14 10:53:56 UTC,US,Privé,private,4796,Wake,37,NORTH CAROLINA,37183,Wake,37183054205,0.665,7.708697734738833,622.1543722472193,6.433188248838543,POINT (724629.8470383289 3984250.103110411),260,4796,Wake,37,NORTH CAROLINA,37183,Wake,37183054205,0.665,7.708697734738833,622.1543722472193,6.433188248838543
7430,ELEC,GE WattStation1,Wake Forest,NC,27587,E,Private,35.9768433,-78.50872059999999,73007,2019-11-14 10:53:56 UTC,US,Privé,private,4796,Wake,37,NORTH CAROLINA,37183,Wake,37183054205,0.665,7.708697734738833,622.1543722472193,6.433188248838543,POINT (724620.8289796051 3984249.872608368),260,4796,Wake,37,NORTH CAROLINA,37183,Wake,37183054205,0.665,7.708697734738833,622.1543722472193,6.433188248838543
24317,ELEC,WF EV STATIONS,Wake Forest,NC,27587,E,Public,35.9763855,-78.5081784,145218,2019-11-14 10:14:28 UTC,US,Public,public,4796,Wake,37,NORTH CAROLINA,37183,Wake,37183054205,0.665,7.708697734738833,622.1543722472193,6.433188248838543,POINT (724671.0233799428 3984200.330987092),260,4796,Wake,37,NORTH CAROLINA,37183,Wake,37183054205,0.665,7.708697734738833,622.1543722472193,6.433188248838543
24318,ELEC,WF EV STATIONS,Wake Forest,NC,27587,E,Public,35.97614,-78.5087763,145219,2019-11-14 10:14:28 UTC,US,Public,public,4796,Wake,37,NORTH CAROLINA,37183,Wake,37183054205,0.665,7.708697734738833,622.1543722472193,6.433188248838543,POINT (724617.8002440976 3984171.715243984),260,4796,Wake,37,NORTH CAROLINA,37183,Wake,37183054205,0.665,7.708697734738833,622.1543722472193,6.433188248838543
7579,ELEC,HIGHWOODS,Raleigh,NC,27604,E,Public,35.821872,-78.609234,73253,2019-11-14 10:14:28 UTC,US,Public,public,3799,Wake,37,NORTH CAROLINA,37183,Wake,37183052705,0.46,4.634939942352167,819.6438459291148,6.7088699116750785,POINT (715977.4861512387 3966829.866917314),129,3799,Wake,37,NORTH CAROLINA,37183,Wake,37183052705,0.46,4.634939942352167,819.6438459291148,6.7088699116750785
7580,ELEC,HIGHWOODS,Raleigh,NC,27604,E,Public,35.820943,-78.608704,73254,2019-11-14 10:14:28 UTC,US,Public,public,3799,Wake,37,NORTH CAROLINA,37183,Wake,37183052705,0.46,4.634939942352167,819.6438459291148,6.7088699116750785,POINT (716027.8932087489 3966727.972112455),129,3799,Wake,37,NORTH CAROLINA,37183,Wake,37183052705,0.46,4.634939942352167,819.6438459291148,6.7088699116750785
13557,ELEC,The Avenue,Raleigh,NC,27604,E,Public,35.816201,-78.611464,95921,2019-11-14 09:08:08 UTC,US,Public,public,3799,Wake,37,NORTH CAROLINA,37183,Wake,37183052705,0.46,4.634939942352167,819.6438459291148,6.7088699116750785,POINT (715791.3531896084 3966195.79423938),129,3799,Wake,37,NORTH CAROLINA,37183,Wake,37183052705,0.46,4.634939942352167,819.6438459291148,6.7088699116750785
7609,ELEC,NC STATE,Raleigh,NC,27606,E,Public,35.7821169,-78.6679066,73327,2019-11-14 10:14:28 UTC,US,Public,public,4255,Wake,37,NORTH CAROLINA,37183,Wake,37183051102,0.3693,1.739309892433535,2446.372563342733,7.802361619996936,POINT (710781.2416387099 3962291.479007969),98,4255,Wake,37,NORTH CAROLINA,37183,Wake,37183051102,0.3693,1.739309892433535,2446.372563342733,7.802361619996936
8363,ELEC,Sweet Retreat Orchard,Hillsborough,NC,27278,E,Public - Call ahead,36.103194,-79.13427800000001,76426,2019-10-04 14:44:17 UTC,US,Public - Appeler à l'avance,public,8028,Orange,37,NORTH CAROLINA,37135,Orange,37135011101,0.6215,74.28002486794296,108.0775082436011,4.682848638645257,POINT (667942.8944360915 3997005.805247569),70,8028,Orange,37,NORTH CAROLINA,37135,Orange,37135011101,0.6215,74.28002486794296,108.0775082436011,4.682848638645257
8422,ELEC,City of Durham - General Services,Durham,NC,27704,E,Private,36.007,-78.87,76736,2019-10-04 14:44:17 UTC,US,Privé,private,5974,Durham,37,NORTH CAROLINA,37063,Durham,37063001002,0.9755,3.3491733735001885,1783.7237233725618,7.48645843756695,POINT (691968.6434633828 3986823.145996423),12,5974,Durham,37,NORTH CAROLINA,37063,Durham,37063001002,0.9755,3.3491733735001885,1783.7237233725618,7.48645843756695
9299,ELEC,DEVON FOUR25,Raleigh,NC,27603,E,Public,35.7863581,-78.6498506,80023,2019-11-14 10:14:28 UTC,US,Public,public,2488,Wake,37,NORTH CAROLINA,37183,Wake,37183050300,0.2078,1.0400603551339949,2392.168865699589,7.779955708606996,POINT (712402.1934070915 3962801.017454282),89,2488,Wake,37,NORTH CAROLINA,37183,Wake,37183050300,0.2078,1.0400603551339949,2392.168865699589,7.779955708606996
9354,ELEC,DUKEPTS,Durham,NC,27708,E,Public,35.9960425,-78.9475123,80187,2019-11-14 10:14:28 UTC,US,Public,public,3070,Durham,37,NORTH CAROLINA,37063,Durham,37063001501,0.4137,2.739830403964316,1120.5073115321134,7.021536818460311,POINT (685007.4197057032 3985457.57044509),18,3070,Durham,37,NORTH CAROLINA,37063,Durham,37063001501,0.4137,2.739830403964316,1120.5073115321134,7.021536818460311
9355,ELEC,DUKEPTS,Durham,NC,27708,E,Public,35.9962676,-78.9472186,80188,2019-11-14 10:14:28 UTC,US,Public,public,3070,Durham,37,NORTH CAROLINA,37063,Durham,37063001501,0.4137,2.739830403964316,1120.5073115321134,7.021536818460311,POINT (685033.3707461171 3985483.10003665),18,3070,Durham,37,NORTH CAROLINA,37063,Durham,37063001501,0.4137,2.739830403964316,1120.5073115321134,7.021536818460311
9924,ELEC,DUKEPTS,Durham,NC,27710,E,Public,36.0070201,-78.9412623,81839,2019-11-14 10:14:28 UTC,US,Public,public,3070,Durham,37,NORTH CAROLINA,37063,Durham,37063001501,0.4137,2.739830403964316,1120.5073115321134,7.021536818460311,POINT (685545.1258486862 3986687.277884445),18,3070,Durham,37,NORTH CAROLINA,37063,Durham,37063001501,0.4137,2.739830403964316,1120.5073115321134,7.021536818460311
10441,ELEC,TOWN HALL,Holly Springs,NC,27540,E,Public,35.650397999999996,-78.8342085,85693,2019-11-14 10:14:28 UTC,US,Public,public,4383,Wake,37,NORTH CAROLINA,37183,Wake,37183053204,0.4641,3.8114494292363017,1149.9562256761253,7.047479156003363,POINT (696070.6300407494 3947334.068487625),160,4383,Wake,37,NORTH CAROLINA,37183,Wake,37183053204,0.4641,3.8114494292363017,1149.9562256761253,7.047479156003363
10622,ELEC,Duke Energy,Durham,NC,27705,E,Private,36.035299,-78.973331,86066,2019-05-14 21:16:45 UTC,US,Privé,private,6485,Durham,37,NORTH CAROLINA,37063,Durham,37063001707,0.2342,16.31006262781744,397.6073021902186,5.985464840283336,POINT (682589.2483192665 3989763.832216451),26,6485,Durham,37,NORTH CAROLINA,37063,Durham,37063001707,0.2342,16.31006262781744,397.6073021902186,5.985464840283336
10655,ELEC,Duke Energy,Cary,NC,27511,E,Private,35.773958,-78.80328100000001,86123,2019-05-14 21:16:45 UTC,US,Privé,private,3653,Wake,37,NORTH CAROLINA,37183,Wake,37183053518,0.043,2.867239499061237,1274.04773866851,7.149954306912417,POINT (698564.0460450191 3961103.422467328),191,3653,Wake,37,NORTH CAROLINA,37183,Wake,37183053518,0.043,2.867239499061237,1274.04773866851,7.149954306912417
10675,ELEC,Duke Energy,Cary,NC,27511,E,Private,35.773958,-78.80328100000001,86162,2019-05-14 21:16:45 UTC,US,Privé,private,3653,Wake,37,NORTH CAROLINA,37183,Wake,37183053518,0.043,2.867239499061237,1274.04773866851,7.149954306912417,POINT (698564.0460450191 3961103.422467328),191,3653,Wake,37,NORTH CAROLINA,37183,Wake,37183053518,0.043,2.867239499061237,1274.04773866851,7.149954306912417
10656,ELEC,Duke Energy,Garner,NC,27529,E,Private,35.71922,-78.629588,86124,2019-05-14 21:16:45 UTC,US,Privé,private,7761,Wake,37,NORTH CAROLINA,37183,Wake,37183054500,0.6516,13.197756893023882,588.0544749314437,6.376819588048626,POINT (714413.9730792069 3955396.837080467),272,7761,Wake,37,NORTH CAROLINA,37183,Wake,37183054500,0.6516,13.197756893023882,588.0544749314437,6.376819588048626
10657,ELEC,Duke Energy,Raleigh,NC,27603,E,Private,35.7417,-78.64236899999999,86125,2019-05-14 21:16:45 UTC,US,Privé,private,7761,Wake,37,NORTH CAROLINA,37183,Wake,37183054500,0.6516,13.197756893023882,588.0544749314437,6.376819588048626,POINT (713197.704548407 3957862.89312849),272,7761,Wake,37,NORTH CAROLINA,37183,Wake,37183054500,0.6516,13.197756893023882,588.0544749314437,6.376819588048626
10677,ELEC,Duke Energy,Raleigh,NC,27529,E,Private,35.71911,-78.62926,86164,2019-05-14 21:16:45 UTC,US,Privé,private,7761,Wake,37,NORTH CAROLINA,37183,Wake,37183054500,0.6516,13.197756893023882,588.0544749314437,6.376819588048626,POINT (714443.9424866068 3955385.350888185),272,7761,Wake,37,NORTH CAROLINA,37183,Wake,37183054500,0.6516,13.197756893023882,588.0544749314437,6.376819588048626
23551,ELEC,TOBACCOROADHD,Raleigh,NC,27603,E,Public,35.764973,-78.64961,143347,2019-11-14 10:14:28 UTC,US,Public,public,7761,Wake,37,NORTH CAROLINA,37183,Wake,37183054500,0.6516,13.197756893023882,588.0544749314437,6.376819588048626,POINT (712480.8710948313 3960429.071179824),272,7761,Wake,37,NORTH CAROLINA,37183,Wake,37183054500,0.6516,13.197756893023882,588.0544749314437,6.376819588048626
10658,ELEC,Duke Energy,Raleigh,NC,27616,E,Private,35.884757,-78.564544,86126,2019-05-14 21:16:45 UTC,US,Privé,private,12342,Wake,37,NORTH CAROLINA,37183,Wake,37183054014,0.7075,10.633292967226428,1160.6940613824984,7.056773433951131,POINT (719841.6628248243 3973906.14996989),242,12342,Wake,37,NORTH CAROLINA,37183,Wake,37183054014,0.7075,10.633292967226428,1160.6940613824984,7.056773433951131
10680,ELEC,Duke Energy,Raleigh,NC,27616,E,Private,35.884757,-78.564544,86167,2019-05-14 21:16:45 UTC,US,Privé,private,12342,Wake,37,NORTH CAROLINA,37183,Wake,37183054014,0.7075,10.633292967226428,1160.6940613824984,7.056773433951131,POINT (719841.6628248243 3973906.14996989),242,12342,Wake,37,NORTH CAROLINA,37183,Wake,37183054014,0.7075,10.633292967226428,1160.6940613824984,7.056773433951131
10830,ELEC,TOWN HALL EV,Carrboro,NC,27510,E,Public,35.911160200000005,-79.0774957,86956,2019-11-14 10:14:28 UTC,US,Public,public,6064,Orange,37,NORTH CAROLINA,37135,Orange,37135010703,0.6358,2.380676603333032,2547.175030623724,7.84274019292603,POINT (673475.1169917672 3975802.301804298),61,6064,Orange,37,NORTH CAROLINA,37135,Orange,37135010703,0.6358,2.380676603333032,2547.175030623724,7.84274019292603
10937,ELEC,DUKEPTS,Durham,NC,27705,E,Public,36.009415999999995,-78.939453,87609,2019-11-14 10:14:28 UTC,US,Public,public,5986,Durham,37,NORTH CAROLINA,37063,Durham,37063001502,0.8575,2.4583513671201924,2434.9651884841146,7.797687739104072,POINT (685702.5900137317 3986956.520099479),19,5986,Durham,37,NORTH CAROLINA,37063,Durham,37063001502,0.8575,2.4583513671201924,2434.9651884841146,7.797687739104072
14987,ELEC,WEINSTEIN,Durham,NC,27705,E,Public,36.011101200000006,-78.94644570000001,99782,2019-11-14 10:14:28 UTC,US,Public,public,5986,Durham,37,NORTH CAROLINA,37063,Durham,37063001502,0.8575,2.4583513671201924,2434.9651884841146,7.797687739104072,POINT (685068.3618853826 3987130.161487095),19,5986,Durham,37,NORTH CAROLINA,37063,Durham,37063001502,0.8575,2.4583513671201924,2434.9651884841146,7.797687739104072
10975,ELEC,TOWN OF CARY,Cary,NC,27513,E,Public,35.7813041,-78.8255524,87656,2019-11-14 10:14:28 UTC,US,Public,public,2413,Wake,37,NORTH CAROLINA,37183,Wake,37183053525,0.0902,2.6040335527887084,926.6393658468313,6.831564456266211,POINT (696532.5069492422 3961873.448435109),198,2413,Wake,37,NORTH CAROLINA,37183,Wake,37183053525,0.0902,2.6040335527887084,926.6393658468313,6.831564456266211
11177,ELEC,QCOM,Raleigh,NC,27617,E,Public,35.9055848,-78.7782844,88060,2019-11-14 10:14:28 UTC,US,Public,public,8620,Wake,37,NORTH CAROLINA,37183,Wake,37183053610,0.0426,12.05840349565488,714.8541681414233,6.572078561249842,POINT (700492.1724872763 3975756.811107567),208,8620,Wake,37,NORTH CAROLINA,37183,Wake,37183053610,0.0426,12.05840349565488,714.8541681414233,6.572078561249842
15067,ELEC,WEINSTEIN,Raleigh,NC,27617,E,Public,35.9104975,-78.787751,99977,2019-11-14 10:14:28 UTC,US,Public,public,8620,Wake,37,NORTH CAROLINA,37183,Wake,37183053610,0.0426,12.05840349565488,714.8541681414233,6.572078561249842,POINT (699625.4053385989 3976282.42262014),208,8620,Wake,37,NORTH CAROLINA,37183,Wake,37183053610,0.0426,12.05840349565488,714.8541681414233,6.572078561249842
23773,ELEC,119 SOUTH,Morrisville,NC,27560,E,Public,35.900626200000005,-78.8042668,143579,2019-11-14 10:14:28 UTC,US,Public,public,8620,Wake,37,NORTH CAROLINA,37183,Wake,37183053610,0.0426,12.05840349565488,714.8541681414233,6.572078561249842,POINT (698159.4725444595 3975153.669168956),208,8620,Wake,37,NORTH CAROLINA,37183,Wake,37183053610,0.0426,12.05840349565488,714.8541681414233,6.572078561249842
11839,ELEC,WF EV STATIONS,Wake Forest,NC,27587,E,Public,35.9781938,-78.51005440000002,92409,2019-11-14 10:14:28 UTC,US,Public,public,4917,Wake,37,NORTH CAROLINA,37183,Wake,37183054206,0.3683,9.080671859499201,541.4797578943869,6.294305684199193,POINT (724496.7184406886 3984396.632868504),261,4917,Wake,37,NORTH CAROLINA,37183,Wake,37183054206,0.3683,9.080671859499201,541.4797578943869,6.294305684199193
12414,ELEC,AAA,Wake Forest,NC,27587,E,Public - Card key at all times,35.950340000000004,-78.53849,93505,2019-11-14 10:52:49 UTC,US,Public - Carte-clé en tout temps,public,4917,Wake,37,NORTH CAROLINA,37183,Wake,37183054206,0.3683,9.080671859499201,541.4797578943869,6.294305684199193,POINT (722010.4497413819 3981241.231492136),261,4917,Wake,37,NORTH CAROLINA,37183,Wake,37183054206,0.3683,9.080671859499201,541.4797578943869,6.294305684199193
21689,ELEC,"Walmart 5254 - Wake Forest, NC",Wake Forest,NC,27587,E,Public,35.951539000000004,-78.53398100000001,121807,2019-11-14 10:55:07 UTC,US,Public,public,4917,Wake,37,NORTH CAROLINA,37183,Wake,37183054206,0.3683,9.080671859499201,541.4797578943869,6.294305684199193,POINT (722413.8441779324 3981384.530635619),261,4917,Wake,37,NORTH CAROLINA,37183,Wake,37183054206,0.3683,9.080671859499201,541.4797578943869,6.294305684199193
12272,ELEC,Hyatt Place Durham Southpoint,Durham,NC,27713,E,Public - Card key at all times,35.900384,-78.96113199999999,93357,2019-11-14 10:52:49 UTC,US,Public - Carte-clé en tout temps,public,5894,Durham,37,NORTH CAROLINA,37063,Durham,37063002020,0.0514,16.59046936984877,355.2642103490847,5.872861767159837,POINT (684001.3840625251 3974819.855005318),47,5894,Durham,37,NORTH CAROLINA,37063,Durham,37063002020,0.0514,16.59046936984877,355.2642103490847,5.872861767159837
12525,ELEC,Hyatt Place Durham Southpoint,Durham,NC,27713,E,Public - Card key at all times,35.90027,-78.96117,93624,2019-11-14 10:52:49 UTC,US,Public - Carte-clé en tout temps,public,5894,Durham,37,NORTH CAROLINA,37063,Durham,37063002020,0.0514,16.59046936984877,355.2642103490847,5.872861767159837,POINT (683998.2182204028 3974807.136829932),47,5894,Durham,37,NORTH CAROLINA,37063,Durham,37063002020,0.0514,16.59046936984877,355.2642103490847,5.872861767159837
12273,ELEC,Courtyard Marriot,Raleigh,NC,27612,E,Public - Card key at all times,35.83511,-78.673878,93358,2019-11-14 10:52:49 UTC,US,Public - Carte-clé en tout temps,public,3212,Wake,37,NORTH CAROLINA,37183,Wake,37183051501,0.0504,3.848719478646769,834.5632924978354,6.726908585040479,POINT (710101.709995052 3968157.70356775),101,3212,Wake,37,NORTH CAROLINA,37183,Wake,37183051501,0.0504,3.848719478646769,834.5632924978354,6.726908585040479
12524,ELEC,Courtyard Marriot,Raleigh,NC,27612,E,Public - Card key at all times,35.83514,-78.67387,93623,2019-11-14 10:52:49 UTC,US,Public - Carte-clé en tout temps,public,3212,Wake,37,NORTH CAROLINA,37183,Wake,37183051501,0.0504,3.848719478646769,834.5632924978354,6.726908585040479,POINT (710102.3535517172 3968161.048971648),101,3212,Wake,37,NORTH CAROLINA,37183,Wake,37183051501,0.0504,3.848719478646769,834.5632924978354,6.726908585040479
12274,ELEC,Sheetz,Morrisville,NC,27560,E,Public - Card key at all times,35.855509000000005,-78.795704,93359,2019-11-14 10:52:49 UTC,US,Public - Carte-clé en tout temps,public,2,Wake,,,,,,,19.14569036996864,0.10446215108216418,-2.2589304637854286,POINT (699045.2734060804 3970165.855510846),273,2,Wake,,,,,,,19.14569036996864,0.10446215108216418,-2.2589304637854286
12276,ELEC,Sheetz,Cary,NC,27519,E,Public - Card key at all times,35.860412,-78.89456,93361,2019-11-14 10:52:49 UTC,US,Public - Carte-clé en tout temps,public,5351,Wake,37,NORTH CAROLINA,37183,Wake,37183053601,0.2587,10.320597585407782,518.477729193292,6.250897074371581,POINT (690105.6810020691 3970513.00250619),199,5351,Wake,37,NORTH CAROLINA,37183,Wake,37183053601,0.2587,10.320597585407782,518.477729193292,6.250897074371581
15020,ELEC,WEINSTEIN,Cary,NC,27519,E,Public,35.8576579,-78.89672990000001,99843,2019-11-14 10:14:28 UTC,US,Public,public,5351,Wake,37,NORTH CAROLINA,37183,Wake,37183053601,0.2587,10.320597585407782,518.477729193292,6.250897074371581,POINT (689916.3002197919 3970203.256636662),199,5351,Wake,37,NORTH CAROLINA,37183,Wake,37183053601,0.2587,10.320597585407782,518.477729193292,6.250897074371581
15068,ELEC,WEINSTEIN,Cary,NC,27519,E,Public,35.8283133,-78.8825728,99978,2019-11-14 10:14:28 UTC,US,Public,public,5351,Wake,37,NORTH CAROLINA,37183,Wake,37183053601,0.2587,10.320597585407782,518.477729193292,6.250897074371581,POINT (691265.2885141221 3966975.489575461),199,5351,Wake,37,NORTH CAROLINA,37183,Wake,37183053601,0.2587,10.320597585407782,518.477729193292,6.250897074371581
21399,ELEC,WHOLE FOODS MKT,Cary,NC,27519,E,Public,35.8333973,-78.8823858,121242,2019-11-14 10:14:28 UTC,US,Public,public,5351,Wake,37,NORTH CAROLINA,37183,Wake,37183053601,0.2587,10.320597585407782,518.477729193292,6.250897074371581,POINT (691269.9743849454 3967539.851426136),199,5351,Wake,37,NORTH CAROLINA,37183,Wake,37183053601,0.2587,10.320597585407782,518.477729193292,6.250897074371581
23566,ELEC,WHOLE FOODS MKT,Cary,NC,27519,E,Public,35.833866,-78.8821192,143362,2019-11-14 10:14:28 UTC,US,Public,public,5351,Wake,37,NORTH CAROLINA,37183,Wake,37183053601,0.2587,10.320597585407782,518.477729193292,6.250897074371581,POINT (691292.93236601 3967592.368303866),199,5351,Wake,37,NORTH CAROLINA,37183,Wake,37183053601,0.2587,10.320597585407782,518.477729193292,6.250897074371581
12440,ELEC,AAA,Raleigh,NC,27604,E,Public - Card key at all times,35.8002,-78.56228,93532,2019-11-14 10:52:49 UTC,US,Public - Carte-clé en tout temps,public,11713,Wake,37,NORTH CAROLINA,37183,Wake,37183054105,0.192,11.269530963962966,1039.3511528967028,6.946351905988687,POINT (720279.9220290935 3964530.19783549),248,11713,Wake,37,NORTH CAROLINA,37183,Wake,37183054105,0.192,11.269530963962966,1039.3511528967028,6.946351905988687
13180,ELEC,Sojourn Glenwood Place Apartment,Raleigh,NC,27612,E,Private,35.817170000000004,-78.65953,95326,2019-11-14 09:08:08 UTC,US,Privé,private,3215,Wake,37,NORTH CAROLINA,37183,Wake,37183051700,0.012,4.909736208500181,654.8213312222151,6.484362421664928,POINT (711445.5027449009 3966198.346662932),104,3215,Wake,37,NORTH CAROLINA,37183,Wake,37183051700,0.012,4.909736208500181,654.8213312222151,6.484362421664928
24969,ELEC,The Carolinian on Glenwood,Raleigh,NC,27608,E,Public,35.817170000000004,-78.659529,147138,2019-11-14 09:08:08 UTC,US,Public,public,3215,Wake,37,NORTH CAROLINA,37183,Wake,37183051700,0.012,4.909736208500181,654.8213312222151,6.484362421664928,POINT (711445.5931040428 3966198.348824162),104,3215,Wake,37,NORTH CAROLINA,37183,Wake,37183051700,0.012,4.909736208500181,654.8213312222151,6.484362421664928
15256,ELEC,104 S ESTES,Chapel Hill,NC,27514,E,Public,35.9285563,-79.03362990000001,100473,2019-11-14 10:14:28 UTC,US,Public,public,1812,Orange,37,NORTH CAROLINA,37135,Orange,37135011500,0.1268,3.758952143616781,482.04923360810164,6.178046253249363,POINT (677394.9142767441 3977810.942695252),78,1812,Orange,37,NORTH CAROLINA,37135,Orange,37135011500,0.1268,3.758952143616781,482.04923360810164,6.178046253249363
22117,ELEC,Hyatt Place Chapel Hill Southern Village - Tesla Destination,Chapel Hill,NC,27517,E,Public,35.902408,-79.032347,122499,2019-05-09 14:33:40 UTC,US,Public,public,1812,Orange,37,NORTH CAROLINA,37135,Orange,37135011500,0.1268,3.758952143616781,482.04923360810164,6.178046253249363,POINT (677569.1221416855 3974912.549673017),78,1812,Orange,37,NORTH CAROLINA,37135,Orange,37135011500,0.1268,3.758952143616781,482.04923360810164,6.178046253249363
15872,ELEC,SWC STATION 3&4,Raleigh,NC,27603,E,Public,35.6521409,-78.7060333,102678,2019-11-14 10:14:28 UTC,US,Public,public,5523,Wake,37,NORTH CAROLINA,37183,Wake,37183053110,0.453,29.127921720308414,189.6118800727648,5.2449792464695815,POINT (707671.8549333143 3947790.81137149),155,5523,Wake,37,NORTH CAROLINA,37183,Wake,37183053110,0.453,29.127921720308414,189.6118800727648,5.2449792464695815
16411,ELEC,OFFICE STATIONS,Wake Forest,NC,27587,E,Public,35.9473226,-78.5050003,104433,2019-11-14 10:14:28 UTC,US,Public,public,8835,Wake,37,NORTH CAROLINA,37183,Wake,37183054211,0.0921,37.185019911044016,237.59567753723294,5.470570395139647,POINT (725040.1366827077 3980983.226518516),266,8835,Wake,37,NORTH CAROLINA,37183,Wake,37183054211,0.0921,37.185019911044016,237.59567753723294,5.470570395139647
16617,ELEC,PARK CENTRAL,Raleigh,NC,27609,E,Public,35.836089,-78.637367,104930,2019-11-14 10:14:28 UTC,US,Public,public,3723,Wake,37,NORTH CAROLINA,37183,Wake,37183052602,0.2938,3.3952921023846696,1096.5183223514603,6.999895277569188,POINT (713397.447986468 3968345.372393003),125,3723,Wake,37,NORTH CAROLINA,37183,Wake,37183052602,0.2938,3.3952921023846696,1096.5183223514603,6.999895277569188
22670,ELEC,Captrust Tower,Raleigh,NC,27609,E,Public,35.8370151,-78.640051,123246,2019-06-06 17:52:59 UTC,US,Public,public,3723,Wake,37,NORTH CAROLINA,37183,Wake,37183052602,0.2938,3.3952921023846696,1096.5183223514603,6.999895277569188,POINT (713152.5015164614 3968442.26152704),125,3723,Wake,37,NORTH CAROLINA,37183,Wake,37183052602,0.2938,3.3952921023846696,1096.5183223514603,6.999895277569188
22690,ELEC,Park Central Apartments,Raleigh,NC,27609,E,Public,35.837988200000005,-78.63821899999999,123267,2019-06-06 17:52:59 UTC,US,Public,public,3723,Wake,37,NORTH CAROLINA,37183,Wake,37183052602,0.2938,3.3952921023846696,1096.5183223514603,6.999895277569188,POINT (713315.3919709175 3968554.213540641),125,3723,Wake,37,NORTH CAROLINA,37183,Wake,37183052602,0.2938,3.3952921023846696,1096.5183223514603,6.999895277569188
23397,ELEC,NORTH HILLS,Raleigh,NC,27609,E,Public,35.836906,-78.63726,143180,2019-11-14 10:14:28 UTC,US,Public,public,3723,Wake,37,NORTH CAROLINA,37183,Wake,37183052602,0.2938,3.3952921023846696,1096.5183223514603,6.999895277569188,POINT (713404.9245601217 3968436.245095129),125,3723,Wake,37,NORTH CAROLINA,37183,Wake,37183052602,0.2938,3.3952921023846696,1096.5183223514603,6.999895277569188
18822,ELEC,The Mayton Inn - Tesla Destination,Cary,NC,27511,E,Public,35.784835,-78.780847,114661,2019-05-09 14:33:40 UTC,US,Public,public,4672,Wake,37,NORTH CAROLINA,37183,Wake,37183053517,0.7759999999999999,4.103564653277281,1138.522332350422,7.037486500902471,POINT (700564.8653184653 3962355.797336937),190,4672,Wake,37,NORTH CAROLINA,37183,Wake,37183053517,0.7759999999999999,4.103564653277281,1138.522332350422,7.037486500902471
25028,ELEC,TOWN OF CARY,Cary,NC,27511,E,Public,35.783204,-78.779344,147303,2019-11-14 10:14:28 UTC,US,Public,public,4672,Wake,37,NORTH CAROLINA,37183,Wake,37183053517,0.7759999999999999,4.103564653277281,1138.522332350422,7.037486500902471,POINT (700704.8293161185 3962177.938374204),190,4672,Wake,37,NORTH CAROLINA,37183,Wake,37183053517,0.7759999999999999,4.103564653277281,1138.522332350422,7.037486500902471
25029,ELEC,TOWN OF CARY,Cary,NC,27511,E,Public,35.7854,-78.7795,147304,2019-11-14 10:14:28 UTC,US,Public,public,4672,Wake,37,NORTH CAROLINA,37183,Wake,37183053517,0.7759999999999999,4.103564653277281,1138.522332350422,7.037486500902471,POINT (700685.2041226092 3962421.23670111),190,4672,Wake,37,NORTH CAROLINA,37183,Wake,37183053517,0.7759999999999999,4.103564653277281,1138.522332350422,7.037486500902471
25030,ELEC,TOWN OF CARY,Cary,NC,27511,E,Public,35.785387,-78.7797012,147305,2019-11-14 10:14:28 UTC,US,Public,public,4672,Wake,37,NORTH CAROLINA,37183,Wake,37183053517,0.7759999999999999,4.103564653277281,1138.522332350422,7.037486500902471,POINT (700667.0497863793 3962419.382172622),190,4672,Wake,37,NORTH CAROLINA,37183,Wake,37183053517,0.7759999999999999,4.103564653277281,1138.522332350422,7.037486500902471
18844,ELEC,Homewood Suites by Hilton Durham-Chapel Hill - Tesla Destination,Durham,NC,27707,E,Public,35.949690000000004,-78.99566,114684,2019-05-14 21:16:45 UTC,US,Public,public,7483,Durham,37,NORTH CAROLINA,37063,Durham,37063002018,0.2272,18.064860655979775,414.2295998017012,6.0264204089907265,POINT (680772.6246266522 3980225.089211852),45,7483,Durham,37,NORTH CAROLINA,37063,Durham,37063002018,0.2272,18.064860655979775,414.2295998017012,6.0264204089907265
20516,ELEC,HONDASOUTHPOINT,Durham,NC,27713,E,Public,35.906936,-78.954178,116939,2019-11-14 10:14:28 UTC,US,Public,public,4432,Durham,37,NORTH CAROLINA,37063,Durham,37063002021,0.4586,6.048972323454159,732.6864404413715,6.596717834704749,POINT (684613.8184056166 3975559.826621698),48,4432,Durham,37,NORTH CAROLINA,37063,Durham,37063002021,0.4586,6.048972323454159,732.6864404413715,6.596717834704749
21098,ELEC,RALEIGH STATION,Raleigh,NC,27616,E,Public,35.886559999999996,-78.56933000000001,119005,2019-11-14 10:14:28 UTC,US,Public,public,6083,Wake,37,NORTH CAROLINA,37183,Wake,37183054016,0.056,6.125754500899769,993.020533079886,6.900751341656048,POINT (719404.5851981209 3974095.419979134),244,6083,Wake,37,NORTH CAROLINA,37183,Wake,37183054016,0.056,6.125754500899769,993.020533079886,6.900751341656048
21220,ELEC,Marlowe Lake Boone Apartments,Raleigh,NC,27607,E,Private,35.814248,-78.689886,120893,2019-11-14 09:08:08 UTC,US,Privé,private,2454,Wake,37,NORTH CAROLINA,37183,Wake,37183051502,0.0194,2.675926833010384,917.0654330781089,6.8211788253030425,POINT (708710.2225288174 3965809.000234148),102,2454,Wake,37,NORTH CAROLINA,37183,Wake,37183051502,0.0194,2.675926833010384,917.0654330781089,6.8211788253030425
24465,ELEC,Mills Rentals,Carrboro,NC,27510,E,Public - Card key at all times,35.909422,-79.071185,145473,2019-10-04 14:44:17 UTC,US,Public - Carte-clé en tout temps,public,4573,Orange,37,NORTH CAROLINA,37135,Orange,37135010705,0.3341,3.961088232986491,1154.4807212113408,7.051405929834283,POINT (674048.4324980808 3975620.709336031),63,4573,Orange,37,NORTH CAROLINA,37135,Orange,37135010705,0.3341,3.961088232986491,1154.4807212113408,7.051405929834283
25122,ELEC,PowerSecure,Wake Forest,NC,27587,E,Private,35.951814,-78.515486,147449,2019-11-08 19:38:10 UTC,US,Privé,private,6134,Wake,37,NORTH CAROLINA,37183,Wake,37183054208,0.4433,17.913102649730007,342.4309076960743,5.83606990799765,POINT (724081.4841056231 3981457.38463925),263,6134,Wake,37,NORTH CAROLINA,37183,Wake,37183054208,0.4433,17.913102649730007,342.4309076960743,5.83606990799765
25146,ELEC,McDonald's Store #27548,Cary,NC,27518,E,Public,35.704118,-78.795636,147491,2019-11-14 09:08:08 UTC,US,Public,public,4603,Wake,37,NORTH CAROLINA,37183,Wake,37183053405,0.0782,8.003155081386343,575.1481700892703,6.354627694713503,POINT (699429.3908488492 3953371.171668212),164,4603,Wake,37,NORTH CAROLINA,37183,Wake,37183053405,0.0782,8.003155081386343,575.1481700892703,6.354627694713503
26144,ELEC,Bob Barker Company,Fuquay Varina,NC,27526,E,Public,35.586162,-78.79956,148553,2019-11-14 10:11:07 UTC,US,Public,public,8267,Wake,37,NORTH CAROLINA,37183,Wake,37183053107,0.4095,23.70446156027976,348.7529121459797,5.854363683340081,POINT (699367.3385986726 3940277.811012558),152,8267,Wake,37,NORTH CAROLINA,37183,Wake,37183053107,0.4095,23.70446156027976,348.7529121459797,5.854363683340081
26145,ELEC,Purfoy Charger 1,Fuquay Varina,NC,27526,E,Public,35.581497999999996,-78.770625,148554,2019-11-14 10:11:07 UTC,US,Public,public,6473,Wake,37,NORTH CAROLINA,37183,Wake,37183053108,0.1462,34.776500467415154,186.13143683232488,5.226453073790063,POINT (702001.0961681684 3939819.428094276),153,6473,Wake,37,NORTH CAROLINA,37183,Wake,37183053108,0.1462,34.776500467415154,186.13143683232488,5.226453073790063
